title,price,location,beds,baths,size_sqft,property_type,title_type,seller_name,phone,url
Tanah Padi ❕🌾,RM 15,"Penaga, Penang",N/A,N/A,5.2,Land,Freehold,niza ranii,'0167491839,https://www.mudah.my/tanah-padi-115968663.htm
Tasek land for sale ,RM 15,"Simpang Ampat, Penang",N/A,N/A,12.7,Agricultural Land,Freehold,sjchan,'0124117871,https://www.mudah.my/tasek-land-for-sale-115790345.htm
Tanah kawasan Bukit Mertajam utk dijual,RM 17,"Bukit Mertajam, Penang",N/A,N/A,3.38,Land,Freehold,Mrhafidz Yahya,'0189495758,https://www.mudah.my/tanah-kawasan-bukit-mertajam-utk-dijual-115944158.htm
Tanah lot pertanian,RM 24,"Tasek Gelugor, Penang",N/A,N/A,38929,Agricultural Land,Freehold,Muhammad akmal ariffin,'01127528935,https://www.mudah.my/tanah-lot-pertanian-115957235.htm
Tanah tepi jalan besar mengkuang semarak 49000kp,RM 29,"Bukit Mertajam, Penang",N/A,N/A,1.1,Land,Freehold,Semarak,'0139128027,https://www.mudah.my/tanah-tepi-jalan-besar-mengkuang-semarak-49000kp-115904643.htm
First grade land Balik Pulau,RM 35,"Balik Pulau, Penang",N/A,N/A,1.5,Agricultural Land,Freehold,Saravanan Saravanan,'0164881552,https://www.mudah.my/first-grade-land-balik-pulau-115896473.htm
Penang Tasek Gelugor First Grade Freehold Land For Sale,RM 36,"Tasek Gelugor, Penang",N/A,N/A,0.45,Residential Land,Freehold,Amin nazrin,'0199932974,https://www.mudah.my/penang-tasek-gelugor-first-grade-freehold-land-for-sale-115773262.htm
Tanah untuk dijual di alma bukit Mertajam,RM 50,"Alma, Penang",N/A,N/A,1.3,Agricultural Land,Freehold,sabri,'0139179774,https://www.mudah.my/tanah-untuk-dijual-di-alma-bukit-mertajam-115926408.htm
Penang Teluk Kumbar Mixed Development Freehold Land For Sale,RM 100,"Teluk Kumbar, Penang",N/A,N/A,1.34,Mixed Development Land,Freehold,PNG Seng Leong,'0194176454,https://www.mudah.my/penang-teluk-kumbar-mixed-development-freehold-land-for-sale-115848920.htm
Land for Sale at Simpang Ampat,RM 130,"Simpang Ampat, Penang",N/A,N/A,2.34,Agricultural Land,Freehold,Ang KM,'0178788431,https://www.mudah.my/land-for-sale-at-simpang-ampat-115953673.htm
Land For Sale Jelutong Penang,RM 700,"Jelutong, Penang",N/A,N/A,44758,Mixed Development Land,Freehold,syedila8892,'0184675014,https://www.mudah.my/land-for-sale-jelutong-penang-115914785.htm
Lot Rumah Bandar Permaisuri,"RM 48,000","Simpang Ampat, Penang",N/A,N/A,1174,Residential Land,Leasehold,zan saf,'0125047226,https://www.mudah.my/lot-rumah-bandar-permaisuri-115744407.htm
tanah lot permatang hj hasan,"RM 67,000","Tasek Gelugor, Penang",N/A,N/A,2650,Residential Land,Freehold,Zulkifli bin othman zul,'01155017768,https://www.mudah.my/tanah-lot-permatang-hj-hasan-115782596.htm
Simpang Ampat Tambun Indah Flat,"RM 85,000","Simpang Ampat, Penang",2,2,545,Others,Freehold,JessChua,'0103365588,https://www.mudah.my/simpang-ampat-tambun-indah-flat-115802405.htm
1st floor renovated unit,"RM 110,000","Taman Pulasan, Bukit Mertajam",2,1,530,Flat,Freehold,Loo,'0164117109,https://www.mudah.my/1st-floor-renovated-unit-115893026.htm
Lot banglo untuk dijual di Balik Pulau,"RM 115,000","Balik Pulau, Penang",N/A,N/A,0.10,Residential Land,Freehold,Nurul Orked,'01159625926,https://www.mudah.my/lot-banglo-untuk-dijual-di-balik-pulau-115968736.htm
Jalan tengah block 1 single room flat,"RM 120,000","Jalan Tengah, Bayan Baru",1,1,409,Flat,Leasehold,Shiraaj Naidu Rammurthy,'0164055794,https://www.mudah.my/jalan-tengah-block-1-single-room-flat-115798503.htm
free hold very near to simpang ampat town ,"RM 125,000","Mutiara Jaya Flat (Simpang Ampat), Simpang Ampat",2,1,538,New Flat,Freehold,subramaniam maniam,'0194027786,https://www.mudah.my/free-hold-very-near-to-simpang-ampat-town-115979882.htm
Tanah lot Penaga ,"RM 129,000","Penaga, Penang",N/A,N/A,3200,Land,Freehold,Zahir Ed,'01155844136,https://www.mudah.my/tanah-lot-penaga-115848869.htm
Flat untuk dijual dengan segera. berada dalam condition yang baik,"RM 130,000","Perai, Penang",2,1,650,Flat,Freehold,radiana shahira,'0172933067,https://www.mudah.my/flat-untuk-dijual-dengan-segera-berada-dalam-condition-yang-baik-115875906.htm
FARLIM 4A flat FOR SALE,"RM 135,000","Farlim 4A Flat, Ayer Itam",2,1,525,Flat,Leasehold,Alan Khor,'0164476913,https://www.mudah.my/farlim-4a-flat-for-sale-115896903.htm
Taman Paya Terubong,"RM 135,000","Taman Paya Terubong, Paya Terubong",2,1,538,Apartment,Leasehold,Ahmad Faris,'01112510587,https://www.mudah.my/taman-paya-terubong-115868081.htm
tanah dah siap rumah,"RM 138,000","Tasek Gelugor, Penang",N/A,N/A,4000,Land,Freehold,ajimko,'0124764054,https://www.mudah.my/tanah-dah-siap-rumah-115809646.htm
Rumah untuk dijual - Flat Taman Bukit Juru (Juru Height) ,"RM 140,000","Bukit Mertajam, Penang",3,1,6900,Cluster House,Freehold,Noraziah,'0197874729,https://www.mudah.my/rumah-untuk-dijual-flat-taman-bukit-juru-juru-height-115790395.htm
"Flat Taman Pantai Bersih, Butterworth, Penang","RM 145,000","Taman Pantai Bersih, Butterworth",3,2,600,Flat,Leasehold,Rossi ju,'0195501185,https://www.mudah.my/flat-taman-pantai-bersih-butterworth-penang-115957548.htm
Rumah Pangsapuri/Flat,"RM 149,000","Bertam, Penang",3,2,650,Others,Freehold,Wan Aishah,'01137642315,https://www.mudah.my/rumah-pangsapuri-flat-115937376.htm
Flat Desa Pilihan Sungai Ara,"RM 150,000","Desa Pilihan, Sungai Ara",3,1,550,Flat,Freehold,Kamarul Zaman,'0195667734,https://www.mudah.my/flat-desa-pilihan-sungai-ara-115991285.htm
Flat in Taman Pantai Bersih for Sale..,"RM 150,000","Taman Pantai Bersih, Butterworth",3,2,581,Flat,Leasehold,Yamunah Seattarasan,'0164535334,https://www.mudah.my/flat-in-taman-pantai-bersih-for-sale-115895391.htm
Rumah Pangsa Mak Mandin,"RM 150,000","Mak Mandin, Penang",2,1,600,Flat,Freehold,Johnny Lee,'0125006221,https://www.mudah.my/rumah-pangsa-mak-mandin-115843787.htm
flat taman bukit juru  for sale,"RM 150,000","Taman Bukit Juru, Juru",3,2,635,Flat,Freehold,axie zie,'0197874729,https://www.mudah.my/flat-taman-bukit-juru-for-sale-115793583.htm
Tanah Untuk Dijual,"RM 152,000","Nibong Tebal, Penang",N/A,N/A,0.27,Agricultural Land,Freehold,jo Yg,'0125005232,https://www.mudah.my/tanah-untuk-dijual-115758921.htm
Flat Taman Desa Sena Kepala Batas,"RM 160,000","Kepala Batas, Penang",2,2,550,Others,Freehold,Muhammad Irfan Najmi Fakirallah Pechy,'0134451890,https://www.mudah.my/flat-taman-desa-sena-kepala-batas-115980147.htm
Rumah Untuk  Dijual,"RM 160,000","Taman Desa Genting, Balik Pulau",2,1,495,Flat,Freehold,Muhamad Khairol Anuar Bin Omar,'0134997068,https://www.mudah.my/rumah-untuk-dijual-115974311.htm
Rumah untuk dijual,"RM 160,000","Desa Cemara, Seberang Jaya",2,2,679,Apartment,Leasehold,jamaaton salehuddin,'0195252117,https://www.mudah.my/rumah-untuk-dijual-115905853.htm
Green Garden High Floor unit,"RM 160,000","Green Garden, Paya Terubong",2,2,550,Condominium,Freehold,Milicent Lee,'0103724932,https://www.mudah.my/green-garden-high-floor-unit-115900661.htm
house for sales,"RM 160,000","Taman Free School, Greenlane",2,2,550,Apartment,Leasehold,Jali,'0164055540,https://www.mudah.my/house-for-sales-115889819.htm
Tanah di tasek gelugor seberang perai,"RM 160,000","Tasek Gelugor, Penang",N/A,N/A,1,Land,Freehold,Mohd Fuad Mohd Noor,'0122612181,https://www.mudah.my/tanah-di-tasek-gelugor-seberang-perai-115883430.htm
Taman impian indah flat,"RM 160,000","Taman Impian Indah, Bukit Mertajam",2,1,538,Flat,Freehold,Mr Ooi,'0179909988,https://www.mudah.my/taman-impian-indah-flat-115880569.htm
Rumah pangsa kos rendah pusat perniagaan raja uda ,"RM 160,000","Rumah Pangsa (Kos Rendah) Pusat Perniagaan Raja Uda, Butterworth",3,2,610,Flat,Freehold,Ng LiChin,'01162511758,https://www.mudah.my/rumah-pangsa-kos-rendah-pusat-perniagaan-raja-uda-115789307.htm
Desa Ixora For sale,"RM 165,000","Desa Ixora, Ayer Itam",2,1,500,Flat,Leasehold,Noor aziza,'0164211585,https://www.mudah.my/desa-ixora-for-sale-115908581.htm
direct owner-Green Garden for sale,"RM 168,000","Green Garden, Paya Terubong",2,2,550,Flat,Freehold,yen lee,'0182052929,https://www.mudah.my/direct-owner-green-garden-for-sale-115964283.htm
Seri Semarak ,"RM 170,000","Seri Semarak Apartment, Ayer Itam",2,2,550,Apartment,Freehold,sharoncheong340,'0109001228,https://www.mudah.my/seri-semarak-115940160.htm
"BELOW MARKET! Flat Desa Cemara Seberang Jaya, 710sqft Good Investment","RM 173,000","Desa Cemara, Seberang Jaya",2,2,710,Apartment,Leasehold,Muhammad Afif Abd Ghani,'0138114511,https://www.mudah.my/below-market-flat-desa-cemara-seberang-jaya-710sqft-good-investment-115820392.htm
Pangsapuri Lembah Indah for sale,"RM 178,000","Lembah Indah, Simpang Ampat",3,2,650,Apartment,Freehold,wongyenhao09,'0124158533,https://www.mudah.my/pangsapuri-lembah-indah-for-sale-115817533.htm
Ground floor,"RM 180,000","Taman Perkasa (Butterworth), Butterworth",2,1,550,Flat,Freehold,Kelvin Teoh,'01169399932,https://www.mudah.my/ground-floor-115944304.htm
Apartment Mampu Milik Untuk Dijual,"RM 180,000","Apartment Permata (Bandar Perda), Bukit Mertajam",3,1,624,Apartment,Freehold,syifulerman80,'0194803751,https://www.mudah.my/apartment-mampu-milik-untuk-dijual-115928601.htm
Taman Sembilang｜Seberang Jaya ｜ 2 Storey Cluster House .,"RM 180,000","Seberang Jaya, Penang",3,2,581,Cluster House,Leasehold,Lee Ms,'0176481224,https://www.mudah.my/taman-sembilang-seberang-jaya-2-storey-cluster-house-115924869.htm
"Bukit Saujana, Ayer Itam, Penang","RM 180,000","Bukit Saujana, Ayer Itam",3,2,700,Condominium,Freehold,pan pan,'0165539994,https://www.mudah.my/bukit-saujana-ayer-itam-penang-115856297.htm
Penang Greenlane Leasehold Taman Free School Apartment For Sale,"RM 180,000","Taman Free School, Greenlane",2,1,528,Apartment,Leasehold,Teoh Heoi Ling,'01154592001,https://www.mudah.my/penang-greenlane-leasehold-taman-free-school-apartment-for-sale-115789917.htm
"Flat Taman Santuari, Bukit Mertajam","RM 185,000","Bukit Mertajam, Penang",3,2,656,Flat,Freehold,Badrol Hisham,'0197413685,https://www.mudah.my/flat-taman-santuari-bukit-mertajam-115970611.htm
Rumah for letgo (Direct owner),"RM 185,000","Mutiara Perdana 2, Sungai Ara",3,2,1235,Apartment,Freehold,Nurul Natasya,'0134842513,https://www.mudah.my/rumah-for-letgo-direct-owner-115951960.htm
Taman Seri Damai (IJM) Flat – FOR SALE,"RM 185,000","Taman Seri Damai, Jelutong",2,1,580,Flat,Leasehold,Jeeta Kumaran,'0174227785,https://www.mudah.my/taman-seri-damai-ijm-flat-for-sale-115897853.htm
Farlim,"RM 185,000","Georgetown, Penang",2,1,512,Others,Leasehold,Mona sindy,'0167270160,https://www.mudah.my/farlim-115875206.htm
"Flat Rumah Pangsa Oren Serdang, Kepala Batas","RM 185,000","Kepala Batas, Penang",3,2,650,Others,Freehold,Chew mei ng,'0174882509,https://www.mudah.my/flat-rumah-pangsa-oren-serdang-kepala-batas-115874888.htm
Green Garden >> FOR SALE >> DIRECT OWNER,"RM 185,000","Green Garden, Paya Terubong",2,2,550,Condominium,Freehold,decson Decson,'0164679335,https://www.mudah.my/green-garden-for-sale-direct-owner-115879014.htm
Puncak Erskine,"RM 185,000","Puncak Erskine, Tanjong Tokong",3,2,604,Apartment,Freehold,Serena Choy,'0193213133,https://www.mudah.my/puncak-erskine-115783938.htm
Untuk Dijual - Taman Tun Sardon,"RM 189,999","Taman Tun Sardon, Gelugor",2,1,550,Apartment,Leasehold,Fatihah Hussain,'01111457397,https://www.mudah.my/untuk-dijual-taman-tun-sardon-115883847.htm
widuri aparment,"RM 190,000","Pangsapuri Widuri, Butterworth",3,2,750,Apartment,Freehold,mr.you,'0165550277,https://www.mudah.my/widuri-aparment-115896191.htm
"Delima Indah, apartment juru","RM 190,000","Delima Indah Apartment, Juru",3,1,646,Flat,Freehold,Sabihah Rashid,'0137473617,https://www.mudah.my/delima-indah-apartment-juru-115798505.htm
Penang Teluk Kumbar Freehold Perda Apartment Flat For Sale,"RM 190,000","Perda Apartment, Teluk Kumbar",2,1,506,Flat,Freehold,Ismawati talib,'0174097894,https://www.mudah.my/penang-teluk-kumbar-freehold-perda-apartment-flat-for-sale-115772841.htm
taman sri pinang@ flat mpp,"RM 200,000","Taman Sri Pinang, Georgetown",3,1,650,Apartment,Freehold,Kuna Raj,'01123562871,https://www.mudah.my/taman-sri-pinang-flat-mpp-115974586.htm
Rumah untuk dijual,"RM 200,000","Apartment Permata (Bandar Perda), Bukit Mertajam",3,1,624,Apartment,Freehold,Azrisafwan alias,'0174770407,https://www.mudah.my/rumah-untuk-dijual-115911751.htm
Freehold ,"RM 200,000","Taman Terubong Indah (Majestic Heights), Ayer Itam",3,2,700,Flat,Freehold,siva Siva,'0195682959,https://www.mudah.my/freehold-115806353.htm
Penang Georgetown Freehold Taman Pinang Flat For Sale,"RM 200,000","Taman Pinang, Georgetown",2,1,700,Flat,Freehold,Ms.Saw,'0174374078,https://www.mudah.my/penang-georgetown-freehold-taman-pinang-flat-for-sale-115779258.htm
[Negotiable] Desa Intan 7A Mid Floor 3 Room Apartment For Sale,"RM 205,000","Desa Intan, Ayer Itam",3,2,650,Apartment,Leasehold,Steve Teoh,'0164596800,https://www.mudah.my/negotiable-desa-intan-7a-mid-floor-3-room-apartment-for-sale-115780959.htm
Pangsapuri Widuri Butterworth,"RM 209,000","Pangsapuri Widuri, Butterworth",3,2,750,Apartment,Freehold,Mr Jack,'0145988276,https://www.mudah.my/pangsapuri-widuri-butterworth-115892488.htm
House for sale‼️PANGSAPURI RIMBUN,"RM 210,000","Pangsapuri Rimbun, Balik Pulau",3,2,650,Flat,Freehold,mugilan partiben,'0135350345,https://www.mudah.my/house-for-sale-pangsapuri-rimbun-115915116.htm
Taman Alor Vista Apartment - Low cost Flat,"RM 210,000","Taman Alor Vista, Relau",2,1,550,Apartment,Freehold,Saifuddin nuwawi,'0169420390,https://www.mudah.my/taman-alor-vista-apartment-low-cost-flat-115806320.htm
Taman Terubong Indah Phase 2A Apartment Block 21C For Sale,"RM 218,000","Taman Terubong Indah (Majestic Heights), Ayer Itam",3,2,700,Flat,Freehold,Ms Goh,'01131956428,https://www.mudah.my/taman-terubong-indah-phase-2a-apartment-block-21c-for-sale-115917646.htm
"FOR SALE BY OWNER – NO AGENT FEES! 🔥 📍 Bayu Nyaman, Bayan Lepas, Penang","RM 220,000","Bayu Nyaman, Bayan Lepas",3,2,680,Apartment,Freehold,Yongxing Ang,'0184001787,https://www.mudah.my/for-sale-by-owner-no-agent-fees-bayu-nyaman-bayan-lepas-penang-115989632.htm
First Floor Unit,"RM 220,000","Sri Wangsa 2, Jelutong",3,2,650,Apartment,Freehold,Jey TT,'0174870913,https://www.mudah.my/first-floor-unit-115968351.htm
Blok358,"RM 220,000","Gat Lebuh Macallum, Georgetown",2,1,550,Apartment,Leasehold,Maggie Lim hong,'0164806588,https://www.mudah.my/blok358-115924620.htm
Apartment bandar perda ( full renovation termasuk perabot) 🔥,"RM 220,000","Bukit Mertajam, Penang",2,1,600,Others,Freehold,aaqil aisy,'0175781244,https://www.mudah.my/apartment-bandar-perda-full-renovation-termasuk-perabot-115895917.htm
Pangsapuri Seri Pinang Apartment Low Floor For Sale Penang Butterworth,"RM 220,000","Pangsapuri Seri Pinang (Sungai Puyu), Butterworth",3,2,829,Apartment,Freehold,Tan,'0149337688,https://www.mudah.my/pangsapuri-seri-pinang-apartment-low-floor-for-sale-penang-butterworth-115841262.htm
Pangsapuri Seri Pinang Apartment For Sale Penang Butterworth,"RM 220,000","Pangsapuri Seri Pinang (Sungai Puyu), Butterworth",3,2,829,Apartment,Freehold,Tan,'0149337688,https://www.mudah.my/pangsapuri-seri-pinang-apartment-for-sale-penang-butterworth-115841260.htm
Apartment utk dijual,"RM 220,000","Taman Sungai Batu, Teluk Kumbar",3,2,688,Flat,Freehold,mar,'0173713891,https://www.mudah.my/apartment-utk-dijual-115849889.htm
Flat Taman SERI BAYU BAYAN LEPAS,"RM 220,000","Taman Sri Bayu (Bayan Lepas), Bayan Lepas",2,1,503,Flat,Freehold,Muhammad Danial Haikal Che Ramli,'01126006863,https://www.mudah.my/flat-taman-seri-bayu-bayan-lepas-115775634.htm
Property For Sale Taman Sri Indah Balik Pulau. Renovated & Furnished ,"RM 225,000","Bayan Lepas, Penang",3,1,800,Others,Freehold,Ganaraj doresamy,'0142543884,https://www.mudah.my/property-for-sale-taman-sri-indah-balik-pulau-renovated-furnished-115784388.htm
Taman Bendera (Corner lot) ,"RM 228,000","Taman Bendera (Relau), Relau",2,2,570,Flat,Freehold,Edmund Chin,'0124321839,https://www.mudah.my/taman-bendera-corner-lot-115769917.htm
Flat/APARTMENT TAMAN PAUH INDAH,"RM 230,000","Taman Pauh Indah Flat, Permatang Pauh",3,2,689,Apartment,Freehold,Muhammad haikal,'0104277124,https://www.mudah.my/flat-apartment-taman-pauh-indah-115967700.htm
"Pangsapuri Hot Area! Permatang Pauh, Pulau Pinang","RM 230,000","Pangsapuri Pauh Damai, Seberang Jaya",3,2,635,Apartment,Freehold,syahriahwork,'0196071016,https://www.mudah.my/pangsapuri-hot-area-permatang-pauh-pulau-pinang-115961304.htm
Puncak Erskine apartment with seaview ,"RM 230,000","Puncak Erskine, Tanjong Tokong",3,2,600,Apartment,Freehold,Latha Goh,'01127792945,https://www.mudah.my/puncak-erskine-apartment-with-seaview-115924765.htm
Fully renovated house for sale,"RM 230,000","Mahsuri Flat, Bayan Baru",2,1,550,Flat,Leasehold,Noorhisham Ishak,'0124884838,https://www.mudah.my/fully-renovated-house-for-sale-115917645.htm
Desa Prominence Apartment ,"RM 230,000","Bandar Perda, Penang",3,2,650,Apartment,Freehold,Chung Kok Wai,'0124843931,https://www.mudah.my/desa-prominence-apartment-115951948.htm
"Sale,High Floor Mountain View","RM 230,000","Desa Indah Block 33, Bukit Jambul",3,1,650,Apartment,Freehold,Joe,'0124744444,https://www.mudah.my/sale-high-floor-mountain-view-115858371.htm
Pangsapuri Fasa 4 Tg Tokong Penang,"RM 230,000","Pangsapuri Fasa 4A, Tanjong Tokong",3,2,650,Flat,Leasehold,shafinaz Shukor,'0124141005,https://www.mudah.my/pangsapuri-fasa-4-tg-tokong-penang-115831520.htm
High ROI Bukit Jambul Retail For Sale ,"RM 230,000","Bukit Jambul, Penang",N/A,N/A,550,Retail space,Freehold,Wen Shiow Lee,'0167618418,https://www.mudah.my/high-roi-bukit-jambul-retail-for-sale-115806294.htm
Flat Semi Apartment  ,"RM 230,000","Taman Pauh Indah Flat, Permatang Pauh",3,2,689,Flat,Freehold,Abu Dzar ,'0174999302,https://www.mudah.my/flat-semi-apartment-115772720.htm
Penang Sungai Nibong Leasehold Halaman Kenanga Apartment For Sale,"RM 230,000","Sungai Nibong, Penang",3,2,682,Apartment,Leasehold,Alya Yusof,'0195912859,https://www.mudah.my/penang-sungai-nibong-leasehold-halaman-kenanga-apartment-for-sale-115775701.htm
Tanah untuk Dijual di Guar Jering,"RM 235,000","Kubang Semang, Penang",N/A,N/A,0.23,Residential Land,Freehold,badrol hisham,'0197413685,https://www.mudah.my/tanah-untuk-dijual-di-guar-jering-115970745.htm
Bayu Nyaman Apartment Untuk Dijual dibawah market value,"RM 235,000","Bayu Nyaman, Bayan Lepas",3,2,667,Apartment,Freehold,Shaaun Suresh,'0164758510,https://www.mudah.my/bayu-nyaman-apartment-untuk-dijual-dibawah-market-value-115870312.htm
Sri Ivory for sell,"RM 240,000","Sri Ivory (Sri Ivori) Apartment, Ayer Itam",3,2,700,Apartment,Leasehold,Elaine Cheng,'0165215981,https://www.mudah.my/sri-ivory-for-sell-115967462.htm
Taman terubong jaya block 20 for sale,"RM 240,000","Taman Paya Terubong, Paya Terubong",3,2,860,Apartment,Freehold,Loke Mun Fong,'0194492558,https://www.mudah.my/taman-terubong-jaya-block-20-for-sale-115931334.htm
Sri Wangsa Jelutong Penang for Sales,"RM 248,000","Sri Wangsa 1, Jelutong",3,2,700,Flat,Freehold,Sharon,'0123819440,https://www.mudah.my/sri-wangsa-jelutong-penang-for-sales-115749200.htm
Ground Floor Unit for Sale!-Direct Owner,"RM 250,000","Taman Paya Terubong, Paya Terubong",2,1,600,Apartment,Freehold,Ms lee,'0165683377,https://www.mudah.my/ground-floor-unit-for-sale-direct-owner-115969273.htm
"FOR SALE | Halaman Kenanga, Sungai Dua, Gelugor, Pulau Pinang","RM 250,000","Halaman Kenanga, Gelugor",3,2,682,Apartment,Leasehold,Mohd Amirul Ismail,'0124640260,https://www.mudah.my/for-sale-halaman-kenanga-sungai-dua-gelugor-pulau-pinang-115953145.htm
I-park untuk dijual,"RM 250,000","I-Park Apartment, Sungai Ara",3,2,650,Apartment,Freehold,Reez,'0143091420,https://www.mudah.my/i-park-untuk-dijual-115904621.htm
"[DIRECT OWNER] Georgetown 2-Room Flat (Freehold, Non-Bumi, Next to Ceria 99 & Near Penang Hospital)","RM 250,000","Taman Pinang, Georgetown",2,2,700,Flat,Freehold,Wen y,'0185793779,https://www.mudah.my/direct-owner-georgetown-2-room-flat-freehold-non-bumi-next-to-ceria-99-near-penang-hospital-115886798.htm
Taman Terubong Jaya For Sale (Direct Owner),"RM 250,000","Taman Paya Terubong, Paya Terubong",3,2,850,Apartment,Leasehold,Mei Shi,'0147427728,https://www.mudah.my/taman-terubong-jaya-for-sale-direct-owner-115865916.htm
Apartment for sale 🚨,"RM 250,000","Dua Residensi, Teluk Kumbar",3,2,700,Apartment,Leasehold,Shamani Dhevi Tanasekaran,'0124270414,https://www.mudah.my/apartment-for-sale-115816021.htm
Penang Teluk Kumbar Leasehold Dua Residensi Apartment For Sale,"RM 250,000","Dua Residensi, Teluk Kumbar",3,2,700,Apartment,Leasehold,Zrsd enterprise,'0186607577,https://www.mudah.my/penang-teluk-kumbar-leasehold-dua-residensi-apartment-for-sale-115766343.htm
Prai inai condo low level for sale,"RM 255,000","Prai Inai Condominium, Perai",3,2,861,Condominium,Freehold,Thivagaran yanasegerin,'0102525227,https://www.mudah.my/prai-inai-condo-low-level-for-sale-115756930.htm
AraGreens For Sale,"RM 260,000","AraGreens, Sungai Ara",3,2,650,Apartment,Freehold,Mr Tan,'0182323126,https://www.mudah.my/aragreens-for-sale-115945958.htm
Taman Permatang Sintok S.P.U Kepala Batas Pulau Pinang ,"RM 260,000","Taman Permatang Sintok, Penaga",3,2,800,Apartment,Freehold,Mohamad Mohamad,'01110709598,https://www.mudah.my/taman-permatang-sintok-s-p-u-kepala-batas-pulau-pinang-115902374.htm
Bayu Nyaman corner unit for sales direct owner,"RM 260,000","Bayu Nyaman, Bayan Lepas",3,2,700,Apartment,Freehold,Men khen tan,'0124755966,https://www.mudah.my/bayu-nyaman-corner-unit-for-sales-direct-owner-115884561.htm
Below Market Value Low density Apartment!!!,"RM 260,000","Taman Bagan Lalang, Butterworth",3,2,856,Apartment,Freehold,pylem,'0124120039,https://www.mudah.my/below-market-value-low-density-apartment-115859388.htm
lembah permai 2,"RM 260,000","Tanjung Bungah, Penang",3,2,800,Others,Freehold,Teoh Li Ying,'0164150153,https://www.mudah.my/lembah-permai-2-115753818.htm
Level 1 Apartment Pesona For Sale!!!,"RM 265,000","Apartment Pesona, Perai",3,2,743,Apartment,Freehold,Mohamed sazrin Mohamed asri,'0125405064,https://www.mudah.my/level-1-apartment-pesona-for-sale-115838257.htm
Kondonimium Mewah di Bukit Minyak Batu Kawan,"RM 268,000","Royale Infinity, Simpang Ampat",1,1,702,Condominium,Freehold,tt david,'0124670385,https://www.mudah.my/kondonimium-mewah-di-bukit-minyak-batu-kawan-115939893.htm
"Sri Impian with 2 balconies, Farlim, FULL LOAN, 1K Downpayment","RM 268,000","Sri Impian (Penang), Ayer Itam",3,2,700,Apartment,Leasehold,Lim Lim,'0104666160,https://www.mudah.my/sri-impian-with-2-balconies-farlim-full-loan-1k-downpayment-115867227.htm
Direct owner ( Negotiable),"RM 270,000","Ria Apartment (Butterworth), Butterworth",3,2,780,Apartment,Freehold,Shalini,'0164345930,https://www.mudah.my/direct-owner-negotiable-115991259.htm
"Halaman Kristal, Lengkok Free School, 11600, Jelutong Pulau Pinang","RM 270,000","Halaman Kristal, Jelutong",3,1,700,Apartment,Freehold,Nur sarah,'0322828281,https://www.mudah.my/halaman-kristal-lengkok-free-school-11600-jelutong-pulau-pinang-115842016.htm
Penang Bayan Lepas Freehold Idaman Selasih Apartment For Sale,"RM 270,000","Idaman Selasih, Bayan Lepas",3,2,676,Apartment,Freehold,emilyheng87,'01155826819,https://www.mudah.my/penang-bayan-lepas-freehold-idaman-selasih-apartment-for-sale-115752030.htm
PRICE REDUCED !!! Sri Wangsa 2 |  3 Bedrooms | Car Park,"RM 272,000","Sri Wangsa 2, Jelutong",3,2,680,Apartment,Freehold,vivienkoayh@gmail.com,'01164454129,https://www.mudah.my/price-reduced-sri-wangsa-2-3-bedrooms-car-park-115944102.htm
"Rumah Kluster 2 Tingkat, Bertam Putra, Kepala Batas","RM 278,000","Bertam, Penang",3,2,818,Cluster House,Freehold,Zuraini Mad Zin,'0174635322,https://www.mudah.my/rumah-kluster-2-tingkat-bertam-putra-kepala-batas-115954717.htm
Sri Aman For Sales,"RM 280,000","Sri Aman Block C (Sri Aman Block 1 & 3), Bukit Jambul",3,2,700,Apartment,Freehold,agnes ho,'0174380488,https://www.mudah.my/sri-aman-for-sales-115977656.htm
Nice view and carpark good place,"RM 280,000","AraGreens, Sungai Ara",3,2,700,Apartment,Freehold,Anlly,'0124402354,https://www.mudah.my/nice-view-and-carpark-good-place-115918539.htm
House for Sale with Full Renovation ( Farlim area ) ,"RM 280,000","Desa Baiduri, Ayer Itam",3,1,620,Flat,Leasehold,Nur farzana ,'0133425383,https://www.mudah.my/house-for-sale-with-full-renovation-farlim-area-115885580.htm
"‼️HOT LISTING‼️ Single Storey Terrace Taman Seruling Emas,Sungai Baka","RM 280,000","Sungai Jawi, Penang",3,2,1194,1-storey Terraced House,Freehold,A'Marine,'0124230921,https://www.mudah.my/hot-listing-single-storey-terrace-taman-seruling-emas-sungai-baka-115827833.htm
. Medium Cost Apartment. Low density and low maintenance fee,"RM 280,000","Taman Genting Emas, Balik Pulau",3,2,700,Apartment,Freehold,Cheah Sin Hwa,'0124951069,https://www.mudah.my/medium-cost-apartment-low-density-and-low-maintenance-fee-115747516.htm
Good environment for own stay or investment ,"RM 285,000","Taman Seri Setia, Tanjung Bungah",3,2,700,Apartment,Freehold,Jestine,'0126783128,https://www.mudah.my/good-environment-for-own-stay-or-investment-115981321.htm
Taman Serina For sale,"RM 285,000","Taman Serina, Jelutong",3,2,603,Apartment,Leasehold,Datin meen,'0143496513,https://www.mudah.my/taman-serina-for-sale-115824720.htm
Apartment untuk Dijual,"RM 285,000","Pangsapuri Pesona (Taman Pauh Jaya), Pauh Jaya",3,2,750,Apartment,Freehold,Muhamat Adha Bakar,'0124462255,https://www.mudah.my/apartment-untuk-dijual-115831641.htm
Direct Owner-Jade View For Sale,"RM 288,000","Jade View, Gelugor",3,2,721,Condominium,Freehold,Lee,'0182052929,https://www.mudah.my/direct-owner-jade-view-for-sale-115969802.htm
Condominium Mutiara Block E Bandar Perda,"RM 289,000","Mutiara Condominium (Bukit Mertajam), Bukit Mertajam",3,2,800,Condominium,Leasehold,JF Lim,'0174700870,https://www.mudah.my/condominium-mutiara-block-e-bandar-perda-115848649.htm
flat sungai pinang ,"RM 290,000","Rumah Pangsa Serendah (Solok Sungai Pinang), Jelutong",3,2,650,Flat,Freehold,mohd hafiz,'0124682775,https://www.mudah.my/flat-sungai-pinang-115892176.htm
Full Reno Desa Jelita Batu Maung (Near Penang 2nd Bridge & FIZ),"RM 290,000","Desa Jelita Apartments, Batu Maung",3,2,700,Apartment,Freehold,Tinesh Veloo,'0133913320,https://www.mudah.my/full-reno-desa-jelita-batu-maung-near-penang-2nd-bridge-fiz-115824143.htm
Penang Georgetown Freehold Batu Lanchang Flat For Sale,"RM 290,000","Batu Lanchang, Georgetown",3,2,780,Flat,Freehold,Hafiz Shah,'0164949970,https://www.mudah.my/penang-georgetown-freehold-batu-lanchang-flat-for-sale-115778935.htm
Penang Tanjong Tokong Freehold Taman Kristal Apartment For Sale,"RM 290,000","Taman Kristal, Tanjong Tokong",3,2,700,Apartment,Freehold,Chuah Chuan Heng,'0169796382,https://www.mudah.my/penang-tanjong-tokong-freehold-taman-kristal-apartment-for-sale-115757362.htm
The Rise Collection for Sale,"RM 293,000","The Rise, Georgetown",3,2,700,Apartment,Leasehold,Tan Xuan Xuan,'0163959869,https://www.mudah.my/the-rise-collection-for-sale-115825909.htm
Fully Furnished Villa Kejora For Sales,"RM 295,000","Villa Kejora, Bayan Lepas",3,2,750,Apartment,Freehold,Andrew Thor,'0126744898,https://www.mudah.my/fully-furnished-villa-kejora-for-sales-115934011.htm
Pinang Court 2 For Sale,"RM 295,000","Pinang Court 2, Jelutong",3,1,630,Apartment,Leasehold,Mohd Nasir,'0125822747,https://www.mudah.my/pinang-court-2-for-sale-115914298.htm
Mutiara Vista Apartment for sale,"RM 295,000","Mutiara Vista, Jelutong",3,2,650,Apartment,Freehold,Yean Pin Tan,'0172288460,https://www.mudah.my/mutiara-vista-apartment-for-sale-115852748.htm
Apartment Taman Kristal Tanjung Tokong (No Agent Fees),"RM 298,000","Taman Kristal, Tanjong Tokong",3,2,700,Apartment,Freehold,Aini Sam,'0124689857,https://www.mudah.my/apartment-taman-kristal-tanjung-tokong-no-agent-fees-115791450.htm
FULL LOAN!! SINGLE STOREY Taman Guar Perahu  FOR SALE / UNTUK DIJUAL,"RM 299,000","Bukit Mertajam, Penang",3,2,1098,1-storey Terraced House,Freehold,atikah,'0173637563,https://www.mudah.my/full-loan-single-storey-taman-guar-perahu-for-sale-untuk-dijual-115848583.htm
"Vista Perdana Apartment, Jalan Kampung Gajah – 3R2B, Partial Sea View","RM 299,000","Vista Perdana (Butterworth), Butterworth",3,2,936,Apartment,Leasehold,Lee su seng,'0194482623,https://www.mudah.my/vista-perdana-apartment-jalan-kampung-gajah-3r2b-partial-sea-view-115794122.htm
PRIMA TANJUNG - 500 sq ft Office Space with attached toilet for SALE,"RM 300,000","Tanjong Tokong, Penang",N/A,N/A,500,Office space,Freehold,Sha chaim chuan,'0124289130,https://www.mudah.my/prima-tanjung-500-sq-ft-office-space-with-attached-toilet-for-sale-115919109.htm
"Tmn Desa Relau 2, Desa Medura, Blok N, High Floor, 1 Carpark","RM 300,000","Taman Desa Relau 2, Relau",3,2,700,Apartment,Freehold,Alex,'0125608960,https://www.mudah.my/tmn-desa-relau-2-desa-medura-blok-n-high-floor-1-carpark-115951979.htm
Penang Jelutong Freehold Jelutong Park Apartment For Sale,"RM 300,000","Jelutong Park, Jelutong",3,1,650,Apartment,Freehold,scchau5979.2,'0146817609,https://www.mudah.my/penang-jelutong-freehold-jelutong-park-apartment-for-sale-115800122.htm
11 storey of 424 units. 2nd floor only 3 block away from staircases near to guard post. ,"RM 300,000","Pinang Court 2, Jelutong",3,2,650,Apartment,Leasehold,Abdul Shukor Aboo Bakar,'01110369696,https://www.mudah.my/11-storey-of-424-units-2nd-floor-only-3-block-away-from-staircases-near-to-guard-post-115784417.htm
FERRINGHI DELIMA FOR SALE!!!(Nego),"RM 310,000","Ferringhi Delima Condominium, Batu Ferringhi",3,2,721,Condominium,Freehold,Mr Thina Property,'0183124066,https://www.mudah.my/ferringhi-delima-for-sale-nego-115939546.htm
Eden Seaview Condo For Sale,"RM 310,000","Eden Seaview, Batu Ferringhi",3,2,1056,Condominium,Freehold,Wan Amirul,'01126019015,https://www.mudah.my/eden-seaview-condo-for-sale-115934511.htm
The Park Mak Mandin,"RM 310,000","The Park @ Mak Mandin, Butterworth",3,2,1002,Apartment,Leasehold,Jennifer Tan,'0165566098,https://www.mudah.my/the-park-mak-mandin-115968086.htm
The Park Mak Mandin ,"RM 310,000","The Park @ Mak Mandin, Butterworth",3,2,1002,Apartment,Freehold,Jennifer Tan,'0165566098,https://www.mudah.my/the-park-mak-mandin-115923903.htm
Penang Island Apartment for sale [Direct Owner],"RM 310,000","Taman Kumbar Permai, Teluk Kumbar",3,2,1080,Apartment,Freehold,Hk,'0143486739,https://www.mudah.my/penang-island-apartment-for-sale-direct-owner-115920154.htm
"Century Park, Strategic Location","RM 310,000","Century Park, Gelugor",3,2,700,Condominium,Freehold,Mr Lean,'0165512780,https://www.mudah.my/century-park-strategic-location-115839156.htm
Penang Sungai Ara Freehold Aramas Apartment For Sale,"RM 310,000","Aramas, Sungai Ara",3,2,700,Apartment,Freehold,kean_fff@hotmail.com,'0164809696,https://www.mudah.my/penang-sungai-ara-freehold-aramas-apartment-for-sale-115781537.htm
Avenue Garden Condominium Simpang Ampat For Sale,"RM 315,000","Avenue Garden, Simpang Ampat",2,2,775,Condominium,Freehold,Miss Choo,'0124242562,https://www.mudah.my/avenue-garden-condominium-simpang-ampat-for-sale-115793049.htm
Strategic Location and the apartment at level 16 ,"RM 317,000","Jelutong Park, Jelutong",3,1,660,Apartment,Freehold,Zubaydah Zamri,'0143006174,https://www.mudah.my/strategic-location-and-the-apartment-at-level-16-115924472.htm
FOR SALE | Nibong Indah Apartment | Corner Unit,"RM 318,000","Nibong Indah, Gelugor",3,2,700,Apartment,Freehold,Mr Tan,'01155880946,https://www.mudah.my/for-sale-nibong-indah-apartment-corner-unit-115927682.htm
Renovated and Furnished Unit,"RM 318,000","Taman Bukit Erskine, Tanjong Tokong",3,2,645,Apartment,Freehold,Ruth ong Siew,'0199163530,https://www.mudah.my/renovated-and-furnished-unit-115818989.htm
Ara Green Apartment For Sale,"RM 320,000","Sungai Ara, Penang",4,2,700,Apartment,Freehold,Kang ah,'0124444279,https://www.mudah.my/ara-green-apartment-for-sale-115973244.htm
Rumah Untuk diJual,"RM 320,000","Bayan Baru, Penang",2,1,700,Cluster House,Leasehold,Nurrul Hasyda Mohd Hasim,'0134838268,https://www.mudah.my/rumah-untuk-dijual-115936999.htm
Flat Taman Pauh Indah Blok B1 (GROUNDFLOOR),"RM 320,000","Permatang Pauh, Penang",3,1,690,Flat,Freehold,Nur Amira,'0104046520,https://www.mudah.my/flat-taman-pauh-indah-blok-b1-groundfloor-115876397.htm
Quiet place near USM.,"RM 320,000","Gambier Heights, Gelugor",3,2,850,Condominium,Freehold,Bk tham,'0174385874,https://www.mudah.my/quiet-place-near-usm-115823406.htm
Penang Butterworth Leasehold The Park @ Mak Mandin Apartment For Sale,"RM 320,000","The Park @ Mak Mandin, Butterworth",3,2,1002,Apartment,Leasehold,Nicole Hai,'0174220717,https://www.mudah.my/penang-butterworth-leasehold-the-park-mak-mandin-apartment-for-sale-115800817.htm
Below market value for Good investment in Island ,"RM 328,000","Tri Pinnacle, Tanjong Tokong",3,2,650,Apartment,Freehold,Danny Ho,'0174735228,https://www.mudah.my/below-market-value-for-good-investment-in-island-115930195.htm
"Direct owner Below Market Value Near Penang Technology Park, Townhouse","RM 329,000","Bertam, Penang",3,2,1133,Townhouse,Freehold,Aliff Mohamad,'0104431990,https://www.mudah.my/direct-owner-below-market-value-near-penang-technology-park-townhouse-115802033.htm
Desamas Melur: Ultimate Convenience at Your Doorstep,"RM 330,000","Desamas Melur, Sungai Ara",3,2,750,Apartment,Freehold,Goh,'0195901517,https://www.mudah.my/desamas-melur-ultimate-convenience-at-your-doorstep-115992008.htm
Good Investment,"RM 330,000","N-Park Condominium, Gelugor",3,2,700,Condominium,Freehold,Teh Hee Chen,'0124936566,https://www.mudah.my/good-investment-115981160.htm
Vista Perdana Full Sea View Unit For Sale,"RM 330,000","Vista Perdana (Butterworth), Butterworth",3,2,936,Apartment,Leasehold,sindrasivier,'0125518246,https://www.mudah.my/vista-perdana-full-sea-view-unit-for-sale-115905392.htm
Condominium Delima Emas (Hot Sale),"RM 330,000","Delima Emas Condominium, Juru",3,2,1257,Condominium,Freehold,Rutrarani Manivelu,'0104616720,https://www.mudah.my/condominium-delima-emas-hot-sale-115903236.htm
Kondominium Mutiara Blok E,"RM 330,000","Kondominium Mutiara (Bandar Perda), Bukit Mertajam",3,2,950,Condominium,Freehold,sabariahshukri,'0174097211,https://www.mudah.my/kondominium-mutiara-blok-e-115856876.htm
Taman Cemerlang Jelutong,"RM 330,000","Jelutong, Penang",3,2,700,Others,Freehold,Anna,'0164161428,https://www.mudah.my/taman-cemerlang-jelutong-115834051.htm
FREEHOLD Intermediate Single Storey Terrace House  Taman Tangling Jaya,"RM 335,000","Simpang Ampat, Penang",3,2,1044,1-storey Terraced House,Freehold,Mohamad hazman bin mohamad rojie,'0189484894,https://www.mudah.my/freehold-intermediate-single-storey-terrace-house-taman-tangling-jaya-115865948.htm
Taman Jade View for Sale,"RM 335,000","Taman Jade View, Gelugor",3,2,720,Apartment,Freehold,adli AB,'0103956039,https://www.mudah.my/taman-jade-view-for-sale-115798806.htm
"Taman Lone Pine Condominium, Penang","RM 338,000","Taman Lone Pine, Ayer Itam",3,1,700,Condominium,Freehold,Teh chee kong ,'0124846886,https://www.mudah.my/taman-lone-pine-condominium-penang-115858052.htm
Royal Infinity BUKIT TAMBUN SIMPANG EMAPT,"RM 338,000","Royale Infinity, Simpang Ampat",3,2,1140,Condominium,Freehold,Eric Chua,'0124416066,https://www.mudah.my/royal-infinity-bukit-tambun-simpang-emapt-115833575.htm
Sri Nibong,"RM 340,000","Bukit Jambul, Penang",3,2,760,Apartment,Freehold,meem cat mama,'0175827477,https://www.mudah.my/sri-nibong-115853418.htm
penang tanjong tongkok,"RM 340,000","E Garden, Tanjong Tokong",2,3,900,Condominium,Freehold,kokang0707,'0173523306,https://www.mudah.my/penang-tanjong-tongkok-115757221.htm
Bliss Place in Mak Mandin,"RM 349,000","Bliss Place, Mak Mandin",3,2,916,Apartment,Freehold,Victor Liau,'0125673830,https://www.mudah.my/bliss-place-in-mak-mandin-115876152.htm
"Apartment Taman Pekaka, Sungai Dua","RM 350,000","Taman Pekaka Apartment, Gelugor",3,2,850,Apartment,Freehold,Lim,'0124931110,https://www.mudah.my/apartment-taman-pekaka-sungai-dua-115935954.htm
"Pangsapuri desa permai indah, corner unit ","RM 350,000","Pangsapuri Desa Permai Indah, Sungai Dua",3,2,1060,Apartment,Leasehold,dylan dylan,'0164500552,https://www.mudah.my/pangsapuri-desa-permai-indah-corner-unit-115929484.htm
Wellesley Condo for sale,"RM 350,000","Wellesley Residences, Butterworth",2,2,900,Condominium,Freehold,Loka S,'0164672722,https://www.mudah.my/wellesley-condo-for-sale-115957728.htm
Taman Pelangi Indah Block 98 Jelutong,"RM 350,000","Taman Pelangi Indah Apartment, Jelutong",3,2,700,Apartment,Freehold,Stephanie Tan,'0125520366,https://www.mudah.my/taman-pelangi-indah-block-98-jelutong-115915180.htm
Jelutong Apartment For Sale,"RM 350,000","Lavender Park (Jelutong), Jelutong",3,1,700,Apartment,Freehold,Hong Ngee Lee,'0164155852,https://www.mudah.my/jelutong-apartment-for-sale-115904532.htm
Mutiara Idaman 2 Full reno,"RM 350,000","Mutiara Idaman 2, Jelutong",3,1,650,Apartment,Leasehold,Mdm Sabrina,'0143496513,https://www.mudah.my/mutiara-idaman-2-full-reno-115824675.htm
Sri Aman Relau Penang,"RM 350,000","Sri Aman Apartment, Relau",3,2,600,Apartment,Freehold,Angie Cheong,'0122244954,https://www.mudah.my/sri-aman-relau-penang-115890871.htm
Cheapest price  apartments ,"RM 350,000","Taman Seri Hijau, Jelutong",3,2,700,Apartment,Freehold,Vinna ong,'0179836138,https://www.mudah.my/cheapest-price-apartments-115875259.htm
Bandar Putra Bertam Single Storey House For Sale,"RM 350,000","Kepala Batas, Penang",3,1,1297,1-storey Terraced House,Freehold,Pravind Leelamohan,'0105604381,https://www.mudah.my/bandar-putra-bertam-single-storey-house-for-sale-115858103.htm
Sale – Double Storey House at Attractive Price,"RM 350,000","Ayer Itam, Penang",3,2,50,2-storey Terraced House,Leasehold,nur amalina Azhar,'0174376165,https://www.mudah.my/sale-double-storey-house-at-attractive-price-115830696.htm
Jay Series at Greenlane for SALE,"RM 350,000","Jay Series, Jelutong",3,1,850,Condominium,Freehold,Geg Tye chng,'0124318991,https://www.mudah.my/jay-series-at-greenlane-for-sale-115832200.htm
"Taman Pandan Apartment @ Ong Yi How, Butterworth – FOR SALE | DIRECT OWNER","RM 350,000","Taman Pandan Apartment, Butterworth",3,2,970,Apartment,Freehold,PS Lai,'0194112283,https://www.mudah.my/taman-pandan-apartment-ong-yi-how-butterworth-for-sale-direct-owner-115815743.htm
Penang Gelugor Freehold Gambier Heights Condominium For Sale,"RM 350,000","Gambier Heights, Gelugor",3,2,900,Condominium,Freehold,kean_fff@hotmail.com,'0164809696,https://www.mudah.my/penang-gelugor-freehold-gambier-heights-condominium-for-sale-115781491.htm
"N-PARK Condominium, Batu Uban for Sales","RM 355,000","N-Park Condominium, Gelugor",2,3,700,Condominium,Freehold,Lau CL,'0124311850,https://www.mudah.my/n-park-condominium-batu-uban-for-sales-115983842.htm
Jelutong Park For Sale Negotiable ,"RM 357,000","Jelutong Park, Jelutong",3,2,700,Apartment,Freehold,Robin Monday close,'01159811137,https://www.mudah.my/jelutong-park-for-sale-negotiable-115989596.htm
2-StoreyTerrace House For Sale|4Rooms|3Bathrooms|Strategic Location,"RM 358,000","Tasek Gelugor, Penang",4,3,1364,2-storey Terraced House,Freehold,Christine Hng,'0165269543,https://www.mudah.my/2-storeyterrace-house-for-sale-4rooms-3bathrooms-strategic-location-115944202.htm
Halaman Seroja double storey house ,"RM 360,000","Batu Kawan, Penang",3,2,771,2-storey Terraced House,Leasehold,Simon Oon,'0125717035,https://www.mudah.my/halaman-seroja-double-storey-house-115931385.htm
DIRECT OWNER - HOUSE FOR SALE: Bertam Perdana 3 - Bentara,"RM 360,000","Bertam, Penang",3,2,1540,1-storey Terraced House,Freehold,Lin M,'01143077669,https://www.mudah.my/direct-owner-house-for-sale-bertam-perdana-3-bentara-115915492.htm
Below Market Value condo for sale ,"RM 360,000","Palma Laguna Water Park Condo, Seberang Perai",4,2,1010,Condominium,Freehold,Tan Yong,'0125282212,https://www.mudah.my/below-market-value-condo-for-sale-115904998.htm
Mahsuri Guarded Apartment,"RM 360,000","Mahsuri Apartment (Bayan Baru), Bayan Baru",3,2,934,Apartment,Leasehold,Mdm Lau,'0124388266,https://www.mudah.my/mahsuri-guarded-apartment-115870029.htm
House for Sale – Fully Furnished,"RM 360,000","N-Park Condominium, Gelugor",3,2,700,Condominium,Freehold,Thiyagu Subramaniam,'0125309454,https://www.mudah.my/house-for-sale-fully-furnished-115815745.htm
Tanah utk dijual,"RM 360,000","Simpang Ampat, Penang",N/A,N/A,259,Residential Land,Freehold,Brie,'0194515052,https://www.mudah.my/tanah-utk-dijual-115799014.htm
Penang Jelutong Freehold Suteramas Apartment For Sale,"RM 360,000","Suteramas, Jelutong",3,2,850,Apartment,Freehold,howweiaun,'0108822312,https://www.mudah.my/penang-jelutong-freehold-suteramas-apartment-for-sale-115750440.htm
Teres 2 Tingkat Scientex Taman Tasek Gelugor Utama ( Direct owner),"RM 365,000","Tasek Gelugor, Penang",4,3,1080,2-storey Terraced House,Freehold,Nurayuni abdul hamid,'0184000433,https://www.mudah.my/teres-2-tingkat-scientex-taman-tasek-gelugor-utama-direct-owner-115959909.htm
Rumah Semi D Alma/Permatang Tinggi,"RM 365,000","Bukit Mertajam, Penang",5,3,2000,Semi-Detached House,Freehold,Lai GuanYan,'0174560590,https://www.mudah.my/rumah-semi-d-alma-permatang-tinggi-115954616.htm
Property DELIMA EMAS FOR SALE ,"RM 365,000","Delima Emas Condominium, Juru",3,2,1171,Condominium,Freehold,PRASAD Wnn,'0123234997,https://www.mudah.my/property-delima-emas-for-sale-115918261.htm
Melody Home，Farlim，Penang,"RM 365,000","Melody Homes, Ayer Itam",3,2,700,Apartment,Freehold,chngxinhui123,'0124182669,https://www.mudah.my/melody-home-farlim-penang-115901217.htm
Penang Georgetown Freehold Taman Lembah Hijau Block 3 Apartment For Sale,"RM 365,000","Taman Lembah Hijau Block 3, Georgetown",3,2,750,Apartment,Freehold,Joan,'0125279016,https://www.mudah.my/penang-georgetown-freehold-taman-lembah-hijau-block-3-apartment-for-sale-115823816.htm
For Sale / Below Market Value ,"RM 370,000","One Foresta @ Bayan Lepas, Bayan Lepas",3,2,900,Condominium,Freehold,Jennie Soon,'0194003838,https://www.mudah.my/for-sale-below-market-value-115926583.htm
fully renovated apartment for Sale,"RM 370,000","The Rise Collection 1, Georgetown",3,1,700,Apartment,Leasehold,Sangkari Rajendran,'0172533430,https://www.mudah.my/fully-renovated-apartment-for-sale-115900729.htm
Taman Kota Permai ,"RM 370,000","Bukit Mertajam, Penang",3,2,1400,1-storey Terraced House,Freehold,lily,'0164769208,https://www.mudah.my/taman-kota-permai-115833847.htm
Penang Gelugor Freehold Taman Jubilee Phase 5 Apartment For Sale,"RM 375,000","Taman Jubilee Phase 5, Gelugor",3,2,700,Apartment,Freehold,Tee Onn Chong,'0124010784,https://www.mudah.my/penang-gelugor-freehold-taman-jubilee-phase-5-apartment-for-sale-115806371.htm
CONDO Near GH @ Jln P. RAMLEE,"RM 375,000","Irama Villa, Georgetown",3,2,700,Apartment,Freehold,siti aishah,'01124081537,https://www.mudah.my/condo-near-gh-jln-p-ramlee-115794335.htm
Rumah di Taman Guar Perahu,"RM 375,000","Kubang Semang, Penang",5,3,1100,2-storey Terraced House,Freehold,muhammad,'0174091003,https://www.mudah.my/rumah-di-taman-guar-perahu-115753420.htm
THE PULSE CORNER UNIT 3Bedrms & 2Bathrms + 2 cparks /High FLR –SALE /from Owner,"RM 379,000","The Pulse @ Gelugor, Gelugor",3,2,887,Apartment,Leasehold,mr.palani01234,'0135130200,https://www.mudah.my/the-pulse-corner-unit-3bedrms-2bathrms-2-cparks-high-flr-sale-from-owner-115971135.htm
Taman Desa Murni BUTTERWORTH,"RM 380,000","Butterworth, Penang",3,2,880,2-storey Terraced House,Freehold,Mr Ooi,'0179909988,https://www.mudah.my/taman-desa-murni-butterworth-115989027.htm
Rumah Teres 2 Tingkat Bandar Putra Bertam Kepala Batas | Freehold,"RM 380,000","Kepala Batas, Penang",4,3,1292,2-storey Terraced House,Freehold,Nurul syaziyah ahmad,'0193409976,https://www.mudah.my/rumah-teres-2-tingkat-bandar-putra-bertam-kepala-batas-freehold-115823788.htm
High floor sea view unit for sale ,"RM 380,000","Pinang Laguna, Seberang Jaya",4,2,954,Condominium,Freehold,Saravanan PALANISAMY,'0164774701,https://www.mudah.my/high-floor-sea-view-unit-for-sale-115824267.htm
Single Storey House Taman Desa Ara Permai,"RM 380,000","Tasek Gelugor, Penang",3,2,1334,1-storey Terraced House,Freehold,Qila johor,'0138309590,https://www.mudah.my/single-storey-house-taman-desa-ara-permai-115802695.htm
Taman Jade View,"RM 380,000","Taman Jade View, Gelugor",3,2,728,Condominium,Freehold,Jason Ee,'0124461661,https://www.mudah.my/taman-jade-view-115775294.htm
New Gated and Renovated Townhouse for sale,"RM 380,000","Tasek Gelugor, Penang",3,2,1000,Townhouse,Freehold,Supramaniam Marimuthu,'0164159244,https://www.mudah.my/new-gated-and-renovated-townhouse-for-sale-115763298.htm
Direct Owner - Melati Apartment For Sale ,"RM 380,000","Melati Apartments (Bayan Lepas), Bayan Lepas",3,2,950,Apartment,Freehold,Ong Lay Imm,'0124236023,https://www.mudah.my/direct-owner-melati-apartment-for-sale-115748708.htm
Penang E-Park,"RM 385,000","E-Park Condominium, Gelugor",3,2,900,Condominium,Freehold,Teh,'0124177270,https://www.mudah.my/penang-e-park-115920989.htm
Owner Direct - The Clover condo,"RM 385,000","The Clovers, Sungai Ara",2,2,776,Condominium,Freehold,Ngan Huat,'0184054134,https://www.mudah.my/owner-direct-the-clover-condo-115827054.htm
House for sale terrace - Desa Ara Permai Tasek Gelugor,"RM 385,000","Tasek Gelugor, Penang",3,2,1335,1-storey Terraced House,Freehold,Mohd Taufik,'0174105145,https://www.mudah.my/house-for-sale-terrace-desa-ara-permai-tasek-gelugor-115791180.htm
house for sale,"RM 388,000","Jawi, Penang",3,2,1217,Link Bungalow,Freehold,William chong,'0126446877,https://www.mudah.my/house-for-sale-115861727.htm
Tanah Sungai Lokan Butterworth berdekatan Highway Utara - Selatan,"RM 389,700","Butterworth, Penang",N/A,N/A,8000,Residential Land,Freehold,Azreezal Abd Aziz,'0194490989,https://www.mudah.my/tanah-sungai-lokan-butterworth-berdekatan-highway-utara-selatan-115825370.htm
"Eden Fairway Condo, Batu Ferringhi, Penang","RM 390,000","Eden Fairway, Batu Ferringhi",3,2,950,Condominium,Freehold,Karen,'0124873666,https://www.mudah.my/eden-fairway-condo-batu-ferringhi-penang-115962243.htm
Royale Infinity Condominium ,"RM 390,000","Royale Infinity, Simpang Ampat",3,2,1140,Condominium,Freehold,Pe lin,'0125575124,https://www.mudah.my/royale-infinity-condominium-115906905.htm
"(OWNER) TAMAN INTAN DELIMA SINGLE STOREY TERRACE @ BATU KAWAN,Freehold","RM 398,000","Batu Kawan, Penang",3,2,1000,1-storey Terraced House,Freehold,Hazrul Abdul Halim,'0124161997,https://www.mudah.my/owner-taman-intan-delima-single-storey-terrace-batu-kawan-freehold-115915538.htm
"(OWNER) TAMAN INTAN DELIMA SINGLE STOREY TERRACE@BATU KAWAN,Freehold","RM 398,000","Batu Kawan, Penang",3,2,1000,1-storey Terraced House,Freehold,Hazrul Halim,'0107818209,https://www.mudah.my/owner-taman-intan-delima-single-storey-terrace-batu-kawan-freehold-115786436.htm
For Sale,"RM 398,000","Sri Kristal, Ayer Itam",3,2,886,Apartment,Leasehold,Jasmine Tan,'0124613262,https://www.mudah.my/for-sale-115757046.htm
Royale Infinity Simpang Ampat 1480sqft Block B Floor 13 Corner Unit with 3 Side by Side Car Parks,"RM 399,000","Royale Infinity, Simpang Ampat",4,3,1480,Condominium,Freehold,Eason Lim,'0124909661,https://www.mudah.my/royale-infinity-simpang-ampat-1480sqft-block-b-floor-13-corner-unit-with-3-side-by-side-car-parks-115970737.htm
Teres 2 tingkat,"RM 399,000","Simpang Ampat, Penang",3,2,1200,2-storey Terraced House,Freehold,noorhameida,'0128170686,https://www.mudah.my/teres-2-tingkat-115851459.htm
Rare unit in Gelugor NO AGENT FEE,"RM 399,000","The Pulse @ Gelugor, Gelugor",3,2,870,Apartment,Leasehold,incr7dibala,'0194410431,https://www.mudah.my/rare-unit-in-gelugor-no-agent-fee-115848642.htm
Quayside Condominium | Butterworth Low Unit 4 Aircons | Ready Move In,"RM 400,000","Quayside @ Clear Water Bay Butterworth, Butterworth",3,2,1328,Condominium,Freehold,Chu Ting Ning,'01111995993,https://www.mudah.my/quayside-condominium-butterworth-low-unit-4-aircons-ready-move-in-115974224.htm
Taman Pondok Upeh,"RM 400,000","Balik Pulau, Penang",3,2,1200,Terraced House,Freehold,Nurulashikin Rodzi,'0174325742,https://www.mudah.my/taman-pondok-upeh-115964786.htm
"Mawar Apartment, Sungai Nibong – For Sale","RM 400,000","Sungai Nibong, Penang",3,2,850,Others,Freehold,Pei Ying Chin,'0169743873,https://www.mudah.my/mawar-apartment-sungai-nibong-for-sale-115957757.htm
"Pulse, Gelugor - Buy Today & Earn Rental Income Immediately!","RM 400,000","The Pulse @ Gelugor, Gelugor",3,2,878,Apartment,Leasehold,Pn. Zu,'0164965989,https://www.mudah.my/pulse-gelugor-buy-today-earn-rental-income-immediately-115920123.htm
Top Urgent Sale Semi Corner High Floor Lot,"RM 400,000","Harmony View, Jelutong",3,2,700,Apartment,Freehold,Veronica,'0163368989,https://www.mudah.my/top-urgent-sale-semi-corner-high-floor-lot-115833052.htm
* Open-Facing Fully Furnished Terrace House – Alma Jaya,"RM 400,000","Bukit Mertajam, Penang",3,1,1100,Terraced House,Freehold,mahfuzah binti rozali,'01132308145,https://www.mudah.my/open-facing-fully-furnished-terrace-house-alma-jaya-115798816.htm
Penang Bukit Mertajam Freehold Pangsapuri Seri Jaya Apartment For Sale,"RM 400,000","Pangsapuri Seri Jaya, Bukit Mertajam",4,2,1178,Apartment,Freehold,Khor,'0164167171,https://www.mudah.my/penang-bukit-mertajam-freehold-pangsapuri-seri-jaya-apartment-for-sale-115776027.htm
Studio Unit for Sale @ Jelutong Penang,"RM 408,888","Flat Jalan Kurau, Jelutong",3,2,700,Flat,Freehold,Syahidah Said,'0124728932,https://www.mudah.my/studio-unit-for-sale-jelutong-penang-115781494.htm
Move in condition Eco Bloom unit,"RM 409,000","Eco Bloom @ Eco Meadows, Simpang Ampat",3,2,901,Condominium,Freehold,Vs Hong,'0184688378,https://www.mudah.my/move-in-condition-eco-bloom-unit-115865692.htm
"Vistaria Condominium, Sungai Ara, Top Floor, Corner Lot, Renovated","RM 410,000","Vistaria Condominium, Sungai Ara",3,2,1100,Condominium,Freehold,Heng,'0164131098,https://www.mudah.my/vistaria-condominium-sungai-ara-top-floor-corner-lot-renovated-115947504.htm
Villa Tanjung (price negotiable),"RM 410,000","Villa Tanjung (Tanjung Height), Butterworth",3,2,1313,Condominium,Freehold,bee villa,'0124450609,https://www.mudah.my/villa-tanjung-price-negotiable-115957823.htm
TreeO Condominium (Partial Furnish),"RM 410,000","TreeO, Sungai Ara",3,2,900,Condominium,Freehold,Ellis,'0164306164,https://www.mudah.my/treeo-condominium-partial-furnish-115893208.htm
Taman Bidara Bukit Mertajam | Free 3 units new aircon,"RM 410,000","Bukit Mertajam, Penang",4,3,1200,2-storey Terraced House,Freehold,hong kee wang,'0122180179,https://www.mudah.my/taman-bidara-bukit-mertajam-free-3-units-new-aircon-115850663.htm
"Rumah Teres 2 Tingkat Berdekatan MYDIN,Penang Technolgy Park","RM 410,000","Kepala Batas, Penang",4,3,1300,2-storey Terraced House,Freehold,asry penang,'0194129257,https://www.mudah.my/rumah-teres-2-tingkat-berdekatan-mydin-penang-technolgy-park-115756721.htm
Aston Acacia Condominium Bukit Mertajam,"RM 418,000","Aston Acacia @Bukit Mertajam, Bukit Mertajam",3,2,883,Service Residence,Freehold,MR Wong,'0164436898,https://www.mudah.my/aston-acacia-condominium-bukit-mertajam-115849709.htm
Ramah Pavilion - price below market value,"RM 420,000","Ramah Pavilion, Bayan Lepas",3,2,1350,Condominium,Freehold,cutypigeon,'0164654917,https://www.mudah.my/ramah-pavilion-price-below-market-value-115958528.htm
Royale Infinity Condominium (HIGH FLOOR WITH NICE VIEW),"RM 420,000","Royale Infinity, Simpang Ampat",3,2,1140,Condominium,Freehold,zhen wei ung,'0189763888,https://www.mudah.my/royale-infinity-condominium-high-floor-with-nice-view-115917850.htm
"The Stone Condominium, Paya Terubong, Penang","RM 420,000","The Stone (Ayer Itam), Ayer Itam",3,2,1000,Service Residence,Freehold,Mehgean Raaj,'0164577557,https://www.mudah.my/the-stone-condominium-paya-terubong-penang-115919217.htm
Spacious & Comfortable Move-in Ready,"RM 420,000","Sea View Tower @ Harbour Place, Butterworth",4,2,1280,Condominium,Freehold,Geg Tye chng,'0195734928,https://www.mudah.my/spacious-comfortable-move-in-ready-115832175.htm
Desa Golf Condominium,"RM 420,000","Desa Golf Condominium, Bukit Jambul",3,2,850,Apartment,Freehold,Yiwei Khor,'06580701261,https://www.mudah.my/desa-golf-condominium-115805946.htm
Brand New Never Occupied! Spacious Condo | Bright & Open View | Owner Sale,"RM 425,000","Idaman Iris, Sungai Ara",3,2,852,Apartment,Freehold,Lim Yeong Luen,'0125788457,https://www.mudah.my/brand-new-never-occupied-spacious-condo-bright-open-view-owner-sale-115820097.htm
Sri Permai Apartment (962 sqft),"RM 430,000","Sri Permai Apartment, Jelutong",3,2,962,Apartment,Freehold,PK Yeoh,'0105617301,https://www.mudah.my/sri-permai-apartment-962-sqft-115945863.htm
Ramah Pavilion 1250Sqft Upgraded Unit Unfurnished 2 Carparks,"RM 430,000","Ramah Pavilion, Bayan Lepas",3,2,1250,Condominium,Freehold,Beng Tat Loh,'0164041617,https://www.mudah.my/ramah-pavilion-1250sqft-upgraded-unit-unfurnished-2-carparks-115952027.htm
Highest floor Penang Batu Ferringhi Freehold Iconic Vue Apartment For Sale,"RM 430,000","Iconic Vue, Batu Ferringhi",3,2,850,Apartment,Freehold,iniaan,'0149448148,https://www.mudah.my/highest-floor-penang-batu-ferringhi-freehold-iconic-vue-apartment-for-sale-115789927.htm
Semi D Bkt mertajm,"RM 430,000","Bukit Mertajam, Penang",3,2,2640,Semi-Detached House,Leasehold,Jess Chew,'0103770919,https://www.mudah.my/semi-d-bkt-mertajm-115799500.htm
The Rise 2 for sale!,"RM 430,000","The Rise Collection 2, Georgetown",3,2,800,Apartment,Leasehold,Aimi Nina,'0134557078,https://www.mudah.my/the-rise-2-for-sale-115789321.htm
Freehold Taman Jelutong Apartment,"RM 435,000","Taman Jelutong, Jelutong",3,2,750,Apartment,Freehold,Deon Ang,'0124737920,https://www.mudah.my/freehold-taman-jelutong-apartment-115915220.htm
"Signature Two Condominium, BM - Fully Furnished, High Floor, 2 Carparks","RM 435,000","Signature Two, Perai",3,2,1000,Condominium,Freehold,Adib Adib,'0135899501,https://www.mudah.my/signature-two-condominium-bm-fully-furnished-high-floor-2-carparks-115747666.htm
Royal Infinity Condominium for Sales,"RM 438,000","Royale Infinity, Simpang Ampat",3,2,1140,Condominium,Freehold,Chew lay kim,'0194488350,https://www.mudah.my/royal-infinity-condominium-for-sales-115867277.htm
"118 Island Plaza, Georgetown, Tanjong Tokong","RM 439,000","Tanjong Tokong, Penang",N/A,N/A,531,Soho,Freehold,Saw Choo Yee,'0124066338,https://www.mudah.my/118-island-plaza-georgetown-tanjong-tokong-115977694.htm
Rumah Teres 2 Tingkat,"RM 440,000","Kepala Batas, Penang",4,3,111,Terraced House,Freehold,Fuziah Jaafar,'0175121041,https://www.mudah.my/rumah-teres-2-tingkat-115980130.htm
B Garden Long Driveway Terrace House 1 Storey,"RM 445,000","Alma, Penang",3,1,1475,1-storey Terraced House,Freehold,Jared Yeap,'0124072350,https://www.mudah.my/b-garden-long-driveway-terrace-house-1-storey-115989330.htm
Modern Family Home with Stylish Interiors in Ayer Itam,"RM 450,000","Asia Heights, Ayer Itam",3,2,838,Condominium,Freehold,Bhuvaneswaran Vellasamy,'0195906211,https://www.mudah.my/modern-family-home-with-stylish-interiors-in-ayer-itam-115946108.htm
"UNTUK DIJUAL | Taman Ilmu Fasa Baru, Nibong Tebal","RM 450,000","Nibong Tebal, Penang",3,2,1300,1-storey Terraced House,Freehold,Nur alya fatin abu bakar,'01165518585,https://www.mudah.my/untuk-dijual-taman-ilmu-fasa-baru-nibong-tebal-115961205.htm
House for sell,"RM 450,000","Havana Beach Residences, Bayan Lepas",3,2,900,Condominium,Freehold,Nazrol Bin Ghulam Hussain,'0162645767,https://www.mudah.my/house-for-sell-115905032.htm
Vivo Executive Apartment Batu Kawan | 730sqft | HIGH FLOOR,"RM 450,000","Vivo Executive Apartment, Batu Kawan",2,2,730,Apartment,Freehold,D y,'0174593743,https://www.mudah.my/vivo-executive-apartment-batu-kawan-730sqft-high-floor-115938399.htm
Bungalow House With Solar FIT Income,"RM 450,000","Tasek Gelugor, Penang",3,2,3745,Bungalow House,Freehold,Chew chin aik,'0124037525,https://www.mudah.my/bungalow-house-with-solar-fit-income-115858069.htm
Penang Tanjung Bungah Freehold Granito @ Permai Condominium For Sale,"RM 450,000","Granito @ Permai, Tanjung Bungah",3,2,864,Condominium,Freehold,Hun Nee Lim,'0124588800,https://www.mudah.my/penang-tanjung-bungah-freehold-granito-permai-condominium-for-sale-115772609.htm
Utropolis @ Sensasi for Sale,"RM 455,000","Sensasi @ Utropolis, Batu Kawan",2,2,729,Service Residence,Freehold,ong eng tatt,'0164239759,https://www.mudah.my/utropolis-sensasi-for-sale-115876672.htm
Sale - Fully Furnished Seaview Iconic Vue Condo,"RM 455,000","Iconic Vue, Batu Ferringhi",3,2,850,Apartment,Freehold,Teng Yen Teh,'0124724222,https://www.mudah.my/sale-fully-furnished-seaview-iconic-vue-condo-115868567.htm
Penang Island 0.3 Ac Freehold Selling Below Market Price.,"RM 455,000","Pulau Betong, Penang",N/A,N/A,0.3,Residential Land,Freehold,Zaidi Ali,'0198302614,https://www.mudah.my/penang-island-0-3-ac-freehold-selling-below-market-price-115831831.htm
House for Sale,"RM 456,000","Simpang Ampat, Penang",3,3,1100,2-storey Terraced House,Leasehold,Teoh Yuen,'0163332853,https://www.mudah.my/house-for-sale-115757390.htm
"WTS- Kelisa Residensi, Seberang Perai","RM 460,000","Kelisa Residence, Perai",4,2,1549,Condominium,Freehold,Thayanand Suppayah,'0122495770,https://www.mudah.my/wts-kelisa-residensi-seberang-perai-115945610.htm
PUTRA PLACE High Floor Sea View Corner Unit for Sale,"RM 460,000","Putra Place, Bayan Lepas",3,2,1000,Condominium,Leasehold,Brandon Wong,'0192722322,https://www.mudah.my/putra-place-high-floor-sea-view-corner-unit-for-sale-115838793.htm
Apartment for sale near hospital seberang jaya,"RM 460,000","The Paradigm Suite, Seberang Jaya",3,2,1300,Condominium,Freehold,Shadiss Naidu,'0187794147,https://www.mudah.my/apartment-for-sale-near-hospital-seberang-jaya-115823635.htm
"Full Furnish and renovated, High Floor Sunrise Garden Condo for Sale","RM 465,000","Sunrise Garden, Bayan Lepas",3,2,1075,Condominium,Freehold,Allen wong,'0164118068,https://www.mudah.my/full-furnish-and-renovated-high-floor-sunrise-garden-condo-for-sale-115884257.htm
Central Garden Batu Lanchang Penang,"RM 467,000","Central Garden, Georgetown",3,2,850,Apartment,Freehold,Vk kg,'0108338466,https://www.mudah.my/central-garden-batu-lanchang-penang-115820626.htm
well maintained condo. Excellent parking convenience.all rooms with nice view. good facilities ,"RM 470,000","Platinum III @ Teluk Kumbar Heights, Bayan Lepas",3,2,1330,Condominium,Freehold,Lim Choon Shen,'0124040910,https://www.mudah.my/well-maintained-condo-excellent-parking-convenience-all-rooms-with-nice-view-good-facilities-115973589.htm
Batu Kawan- Vivo Corner Unit for sale (Direct Owner),"RM 470,000","Vivo Executive Apartment, Batu Kawan",3,2,830,Apartment,Freehold,WWQ Pang,'0143118202,https://www.mudah.my/batu-kawan-vivo-corner-unit-for-sale-direct-owner-115837345.htm
"Tri Pinnacle, sea view, fully furnished. Block C, low density","RM 478,000","Tri Pinnacle, Tanjong Tokong",3,2,800,Condominium,Freehold,Lim Soo,'0125534393,https://www.mudah.my/tri-pinnacle-sea-view-fully-furnished-block-c-low-density-115815687.htm
NO AGENT❌JuruJaya Double Storey Terrace House,"RM 480,000","Bukit Mertajam, Penang",4,3,1625,2-storey Terraced House,Freehold,hpohyi,'0174673084,https://www.mudah.my/no-agent-jurujaya-double-storey-terrace-house-115979000.htm
"Sale: LEVEL 35 CORNER UNIT WITH 3 CAR PARKS @ RAMAH PAVILION, TELUK KUMBAR!","RM 480,000","Ramah Pavilion, Bayan Lepas",3,2,1173,Condominium,Freehold,Raezha Hazmath Binti Mohamed Ismail,'0164618446,https://www.mudah.my/sale-level-35-corner-unit-with-3-car-parks-ramah-pavilion-teluk-kumbar-115974687.htm
Royale Infinity Condominium for sale,"RM 480,000","Royale Infinity, Simpang Ampat",3,2,1200,Condominium,Freehold,Noor ms,'0167154566,https://www.mudah.my/royale-infinity-condominium-for-sale-115790654.htm
2-storey Terraced House For Sale,"RM 480,000","Bukit Mertajam, Penang",4,2,1400,Terraced House,Freehold,GL Khoo,'0124503566,https://www.mudah.my/2-storey-terraced-house-for-sale-115954292.htm
golfview,"RM 480,000","Golf View Apartment, Bukit Jambul",3,2,12000,Apartment,Leasehold,ishakbakar1912,'0175457458,https://www.mudah.my/golfview-115817723.htm
Penang Bukit Mertajam Freehold Mahkota Impian Service Residence For Sale,"RM 480,000","Mahkota Impian, Bukit Mertajam",3,2,1032,Service Residence,Freehold,Law Kok Yaw,'0164303638,https://www.mudah.my/penang-bukit-mertajam-freehold-mahkota-impian-service-residence-for-sale-115752869.htm
Serina bay Apartments for sale,"RM 480,000","Serina Bay, Jelutong",3,2,950,Condominium,Leasehold,min,'01111770001,https://www.mudah.my/serina-bay-apartments-for-sale-115760132.htm
3 Bedroom 2 bath sale  unblock and high floor,"RM 488,000","Sierra Residences, Sungai Ara",3,2,1182,Condominium,Freehold,nelsonchung2666,'0179382805,https://www.mudah.my/3-bedroom-2-bath-sale-unblock-and-high-floor-115837694.htm
Kelisa Residence Corner Unit For Sale ,"RM 488,000","Kelisa Residence, Perai",3,2,1549,Condominium,Freehold,Ganesh AR,'0165214975,https://www.mudah.my/kelisa-residence-corner-unit-for-sale-115780200.htm
for sales,"RM 488,888","Idaman Iris, Sungai Ara",3,2,850,Apartment,Freehold,adidas_lkh,'0165175157,https://www.mudah.my/for-sales-115802380.htm
Nice House For Sale!,"RM 490,000","Seberang Jaya, Penang",3,2,1725,1-storey Terraced House,Leasehold,John Selvarajan Govind,'0124356197,https://www.mudah.my/nice-house-for-sale-115808648.htm
High Floor and Nice view,"RM 490,000","One Foresta @ Bayan Lepas, Bayan Lepas",3,2,900,Condominium,Freehold,Chris Khor,'0164434005,https://www.mudah.my/high-floor-and-nice-view-115806724.htm
Taman Sungai Dua Utama 2 Tingkat,"RM 498,000","Sungai Dua, Penang",4,3,1300,2-storey Terraced House,Freehold,Abang Zack Zack,'0149088809,https://www.mudah.my/taman-sungai-dua-utama-2-tingkat-115831402.htm
brand new unit to sell off (negotiable),"RM 499,000","The Stone (Ayer Itam), Ayer Itam",4,2,1100,Service Residence,Freehold,Suneetha ss,'0184634215,https://www.mudah.my/brand-new-unit-to-sell-off-negotiable-115772908.htm
Oren 3 condominium ,"RM 499,900","Orange 3 Condo, Bagan Ajam, Butterworth",4,2,1700,Condominium,Freehold,Bk,'0164404663,https://www.mudah.my/oren-3-condominium-115945482.htm
Nice Strait Garden Suite For Sales,"RM 500,000","Straits Garden Suite, Jelutong",2,1,612,Service Residence,Freehold,Mandy Chew,'0125688712,https://www.mudah.my/nice-strait-garden-suite-for-sales-115967872.htm
The Oasis Condominium for Sale,"RM 500,000","The Oasis, Gelugor",3,2,1000,Condominium,Leasehold,Nalini Sheila,'0137737985,https://www.mudah.my/the-oasis-condominium-for-sale-115839294.htm
SS9 Bandar Tasek Mutiara Simpang Ampat For Sale,"RM 500,000","Simpang Ampat, Penang",4,3,1200,2-storey Terraced House,Freehold,Muhamad Yazid Radin Muhamad Amin,'0192732809,https://www.mudah.my/ss9-bandar-tasek-mutiara-simpang-ampat-for-sale-115833582.htm
Tanah Tepi Jalan Sempadan Penang-Perak,"RM 500,000","Nibong Tebal, Penang",N/A,N/A,1.12,Agricultural Land,Freehold,Armada teroka Solution Solution,'0199725530,https://www.mudah.my/tanah-tepi-jalan-sempadan-penang-perak-115789400.htm
"rumah untuk dijual: taman sri rambai, bukit mertajam, pulau pinang","RM 500,000","Bukit Mertajam, Penang",3,2,3220,Semi-Detached House,Freehold,imzh ghzi,'01110564308,https://www.mudah.my/rumah-untuk-dijual-taman-sri-rambai-bukit-mertajam-pulau-pinang-115772927.htm
ForSale@EcoBloom-SimpangAmpat-DIRECT OWNER,"RM 505,000","Eco Bloom @ Eco Meadows, Simpang Ampat",3,2,1101,Condominium,Freehold,casvin1980,'0125631928,https://www.mudah.my/forsale-ecobloom-simpangampat-direct-owner-115979339.htm
Penang Bukit Mertajam Leasehold Semi-Detached House For Sale,"RM 510,000","Bukit Mertajam, Penang",3,2,2450,Semi-Detached House,Leasehold,Sheikh Muzamil,'0182704403,https://www.mudah.my/penang-bukit-mertajam-leasehold-semi-detached-house-for-sale-115802605.htm
Condominium Cassia For Sale,"RM 512,000","Cassia Resort Condominium, Butterworth",4,2,1130,Condominium,Freehold,Deeparajan deepa,'0125570632,https://www.mudah.my/condominium-cassia-for-sale-115861511.htm
Condominium ForestVille Fully Furnished & renovated near Queensbay,"RM 515,000","ForestVille, Bayan Lepas",3,3,1050,Condominium,Freehold,Ong Soon Fung,'01136880706,https://www.mudah.my/condominium-forestville-fully-furnished-renovated-near-queensbay-115758192.htm
CASA ANGGUN BLOCK A – 900 SQ Ft – OPEN JEREJAK VIEW,"RM 518,000","Casa Anggun, Bayan Lepas",3,2,900,Apartment,Freehold,azli muhd,'0124395893,https://www.mudah.my/casa-anggun-block-a-900-sq-ft-open-jerejak-view-115960446.htm
dual keys,"RM 520,000","Sinaran Residences @ Utropolis, Batu Kawan",3,3,883,Service Residence,Freehold,Kok shin fatt,'0194300855,https://www.mudah.my/dual-keys-115944101.htm
TreeO Fully furnished High Floor (Hill View),"RM 520,000","TreeO, Sungai Ara",3,2,900,Condominium,Freehold,Fabreeze Lee Jun,'0164007849,https://www.mudah.my/treeo-fully-furnished-high-floor-hill-view-115953081.htm
Direct OWNER-Tropicana Bay Residence For Sale,"RM 520,000","Tropicana Bay Residences @ PWC, Bayan Lepas",2,1,615,Condominium,Freehold,Efah efa,'0184011209,https://www.mudah.my/direct-owner-tropicana-bay-residence-for-sale-115848654.htm
"Move-In Ready Fully Partitioned Office Unit @ NB Plaza, PeraI","RM 520,000","Perai, Penang",N/A,N/A,1132,Office space,Freehold,SY Teoh,'0124590456,https://www.mudah.my/move-in-ready-fully-partitioned-office-unit-nb-plaza-perai-115842948.htm
Freehold 2-Storey Terrace House Bukit Mertajam,"RM 520,000","Bukit Mertajam, Penang",4,3,1400,2-storey Terraced House,Freehold,Connie Chew,'0107198663,https://www.mudah.my/freehold-2-storey-terrace-house-bukit-mertajam-115748083.htm
"8mins to Batu Kawan Ind. Park/Ikea (Full Loan, Price Negotiable)","RM 528,000","Valdor, Penang",4,3,1400,2-storey Terraced House,Freehold,Wei chye lim,'0133975152,https://www.mudah.my/8mins-to-batu-kawan-ind-park-ikea-full-loan-price-negotiable-115959428.htm
D’Starlingtton,"RM 528,000","D' Starlingtton Condominium, Teluk Kumbar",3,2,1001,Condominium,Freehold,Shirley Jasmine,'0143453953,https://www.mudah.my/d-starlingtton-115882981.htm
FOR SALE: High Floor Havana Residence Condominium | 900 sq ft | 2 Parking Bays | Airport View,"RM 530,000","Havana Beach Residences, Bayan Lepas",3,2,900,Condominium,Freehold,Lam Yong Wun,'0164817662,https://www.mudah.my/for-sale-high-floor-havana-residence-condominium-900-sq-ft-2-parking-bays-airport-view-115978986.htm
Sea View tower Duplex unit,"RM 530,000","Sea View Tower @ Harbour Place, Butterworth",3,3,1785,Condominium,Freehold,Lau,'0124280373,https://www.mudah.my/sea-view-tower-duplex-unit-115978055.htm
The Zen Move in Ready,"RM 530,000","The Zen, Gelugor",3,2,850,Condominium,Freehold,Won Jiun,'0124955223,https://www.mudah.my/the-zen-move-in-ready-115830841.htm
Iconic Vue - Sea View Unit @ Batu Ferringhi,"RM 530,000","Iconic Vue, Batu Ferringhi",3,2,850,Apartment,Freehold,Mr Lee,'0132751129,https://www.mudah.my/iconic-vue-sea-view-unit-batu-ferringhi-115765572.htm
Great return Investment,"RM 530,000","I-Santorini, Tanjong Tokong",3,2,850,Condominium,Leasehold,Stewart Chong,'01126131289,https://www.mudah.my/great-return-investment-115761851.htm
The Oasis HIGH FLOOR | FULLY FURNISHED,"RM 540,000","The Oasis, Gelugor",3,2,1069,Condominium,Leasehold,jane ooi,'0164115660,https://www.mudah.my/the-oasis-high-floor-fully-furnished-115972698.htm
"2-Storey Terraced House in Alma, Bukit Mertajam, Penang","RM 540,000","Bukit Mertajam, Penang",4,3,1400,2-storey Terraced House,Freehold,Chong wei choon,'0174874497,https://www.mudah.my/2-storey-terraced-house-in-alma-bukit-mertajam-penang-115954595.htm
Penang Jelutong Freehold Pinang Perdana Condominium For Sale,"RM 540,000","Pinang Perdana, Jelutong",3,2,1400,Condominium,Freehold,Mohd yassin,'0194574040,https://www.mudah.my/penang-jelutong-freehold-pinang-perdana-condominium-for-sale-115806313.htm
"Double Storey Terrace Taman Indah, Bukit Tengah","RM 550,000","Bukit Tengah, Penang",4,3,1399,2-storey Terraced House,Freehold,Muhammad Irfan Najmi Fakirallah Pechy,'0134451890,https://www.mudah.my/double-storey-terrace-taman-indah-bukit-tengah-115985521.htm
Kepala Batas (Bertam) Single Storey Semi-Detached For Sale,"RM 550,000","Bertam, Penang",3,2,1381,Semi-Detached House,Freehold,Quik Yu,'0105514949,https://www.mudah.my/kepala-batas-bertam-single-storey-semi-detached-for-sale-115904961.htm
Bertam Perdana 3 Corner Lot Unit,"RM 550,000","Bertam, Penang",3,2,3845,1-storey Terraced House,Freehold,naiemanuar.official@gmail.com,'0174345040,https://www.mudah.my/bertam-perdana-3-corner-lot-unit-115900934.htm
RAJA UDA Taman Mawar 2 STY TERRACE,"RM 550,000","Raja Uda, Penang",4,2,1300,2-storey Terraced House,Freehold,Gold Gold,'0124276931,https://www.mudah.my/raja-uda-taman-mawar-2-sty-terrace-115890816.htm
"Imperial Residences Condominium For Sale, Lintang Sungai Ara 14,","RM 550,000","Imperial Residences, Sungai Ara",3,2,1100,Condominium,Freehold,JP Tan,'0194151818,https://www.mudah.my/imperial-residences-condominium-for-sale-lintang-sungai-ara-14-115865936.htm
"Reflection Condo, 2 carpark, Direct Owner","RM 550,000","Reflections Condominium, Bayan Lepas",3,2,1260,Condominium,Freehold,yeap wj,'0125829889,https://www.mudah.my/reflection-condo-2-carpark-direct-owner-115833911.htm
Penang Bayan Lepas Freehold Platinum III @ Condominium For Sale,"RM 550,000","Platinum III @ Teluk Kumbar Heights, Bayan Lepas",3,2,1320,Condominium,Freehold,Saw CW,'0125634518,https://www.mudah.my/penang-bayan-lepas-freehold-platinum-iii-condominium-for-sale-115793614.htm
Double storey terrace house,"RM 550,000","Bukit Mertajam, Penang",4,3,1800,2-storey Terraced House,Freehold,Teoh CP,'0146009363,https://www.mudah.my/double-storey-terrace-house-115753035.htm
Penang Bayan Lepas Freehold Emerald Residence Condominium For Sale,"RM 560,000","Emerald Residence, Bayan Lepas",3,2,1184,Condominium,Freehold,Nithiaprathap KPaneerselvam,'0164094796,https://www.mudah.my/penang-bayan-lepas-freehold-emerald-residence-condominium-for-sale-115809464.htm
One Word Condominium  Facing Penang Bridge.,"RM 560,000","One World 1, Bayan Lepas",3,2,1380,Condominium,Leasehold,anita kaur,'0164741565,https://www.mudah.my/one-word-condominium-facing-penang-bridge-115857219.htm
Taman Merbau Indah Butterworth ,"RM 560,000","Butterworth, Penang",4,3,1300,Terraced House,Freehold,Abdul Jalil,'0194633354,https://www.mudah.my/taman-merbau-indah-butterworth-115748584.htm
"Zen 6 condominium near Queensbay - high floor, nice hillview","RM 565,000","Zen 6, Gelugor",3,2,1050,Condominium,Freehold,Keet,'0125619011,https://www.mudah.my/zen-6-condominium-near-queensbay-high-floor-nice-hillview-115944590.htm
Bungalow House for Sale at Balik Pulau (Fully Renovated),"RM 570,000","Balik Pulau, Penang",5,2,1600,Bungalow House,Freehold,Sherose Studio,'0143004889,https://www.mudah.my/bungalow-house-for-sale-at-balik-pulau-fully-renovated-115978973.htm
Luminari Residence for Sale 2 Bedrooms 2 Bathrooms,"RM 570,000","Luminari @ Harbour Place, Butterworth",2,2,947,Service Residence,Freehold,julia toni,'0132695634,https://www.mudah.my/luminari-residence-for-sale-2-bedrooms-2-bathrooms-115911189.htm
imperial residences condo for sale,"RM 570,000","Imperial Residences, Sungai Ara",3,2,1100,Condominium,Freehold,darren ng,'0165533790,https://www.mudah.my/imperial-residences-condo-for-sale-115877530.htm
Residence / Condominium @ Urban Suites Jelutong Penang,"RM 570,000","Urban Suites, Jelutong",3,2,836,Condominium,Freehold,Kooi,'0124185233,https://www.mudah.my/residence-condominium-urban-suites-jelutong-penang-115868555.htm
Simpang Ampat,"RM 580,000","Simpang Ampat, Penang",4,3,1600,2-storey Terraced House,Freehold,junxuan8568,'0174100374,https://www.mudah.my/simpang-ampat-115968092.htm
"For Sale - Tree Sparina, Bayan Lepas, Penang","RM 580,000","Tree Sparina @ Ideal Vision Park, Bayan Lepas",3,2,1300,Condominium,Freehold,Finie,'0175317611,https://www.mudah.my/for-sale-tree-sparina-bayan-lepas-penang-115916243.htm
Prestigious Menara Gurney Office,"RM 580,000","Georgetown, Penang",N/A,N/A,650,Office space,Freehold,Ken Ong,'01170168642,https://www.mudah.my/prestigious-menara-gurney-office-115920538.htm
"First direct owner, gated landed,fully furnished and fully renovated ","RM 580,000","Simpang Ampat, Penang",4,3,1500,2.5-storey Terraced House,Freehold,Dr  Chiang Tit Yean ,'0194631525,https://www.mudah.my/first-direct-owner-gated-landed-fully-furnished-and-fully-renovated-115952219.htm
Menara Greenview Corner Unit 1300sqf Nego,"RM 580,000","Menara Greenview, Jelutong",3,2,1300,Condominium,Freehold,Mr. Heng,'012500978,https://www.mudah.my/menara-greenview-corner-unit-1300sqf-nego-115773222.htm
Near KDU and design village,"RM 585,000","Suasana @ Utropolis, Batu Kawan",2,2,926,Service Residence,Freehold,hanleng5592,'0124503906,https://www.mudah.my/near-kdu-and-design-village-115919539.htm
First Grade land ,"RM 585,000","Bandar Perda, Penang",N/A,N/A,1.46,Mixed Development Land,Freehold,Yahya Yahya,'0122029737,https://www.mudah.my/first-grade-land-115916307.htm
"Taman BertamPermai, Kepala Batas,P,Pinang","RM 590,000","Bertam, Penang",4,3,1400,Semi-Detached House,Freehold,Azarena Adnan,'0164119151,https://www.mudah.my/taman-bertampermai-kepala-batas-p-pinang-115981072.htm
Impian Jaya 2 Storey House with Double Car Porch,"RM 590,000","Bukit Mertajam, Penang",4,3,1500,2-storey Terraced House,Freehold,Thinagaran a/l Thyegarajan Thyegarajan,'0194444993,https://www.mudah.my/impian-jaya-2-storey-house-with-double-car-porch-115977830.htm
Gated Simpang Ampat Fully Furnised 2 Storey House For Sale,"RM 590,000","Simpang Ampat, Penang",4,3,2600,2-storey Terraced House,Freehold,Mrs Heng,'0163559649,https://www.mudah.my/gated-simpang-ampat-fully-furnised-2-storey-house-for-sale-115939167.htm
DIRECT OWNER ~ FOR SALE – ForestVille Bayan Lepas,"RM 595,000","ForestVille, Bayan Lepas",3,2,1000,Condominium,Freehold,Lin M,'01143077669,https://www.mudah.my/direct-owner-for-sale-forestville-bayan-lepas-115924414.htm
UNTUK DIJUAL - Teres 2 Tingkat  (Bertam lakehome),"RM 595,000","Bertam, Penang",4,3,1800,Terraced House,Freehold,Suriatishim,'0194566800,https://www.mudah.my/untuk-dijual-teres-2-tingkat-bertam-lakehome-115756184.htm
Renovated and extended unit Mutiara View For sale (Direct Owner),"RM 598,000","Mutiara View, Gelugor",3,2,1200,Apartment,Freehold,Gene Tham,'0129595379,https://www.mudah.my/renovated-and-extended-unit-mutiara-view-for-sale-direct-owner-115964287.htm
Villa Mutiara Gated Double Storey in Simpang Ampat,"RM 599,000","Simpang Ampat, Penang",4,3,1450,2-storey Terraced House,Freehold,Ashok Kumar,'0149651558,https://www.mudah.my/villa-mutiara-gated-double-storey-in-simpang-ampat-115850054.htm
"Rumah Untuk Di Jual Lorong Siakap, Seberang Jaya","RM 599,999","Seberang Jaya, Penang",5,2,2163,1-storey Terraced House,Leasehold,tarmizi azizi,'0136646925,https://www.mudah.my/rumah-untuk-di-jual-lorong-siakap-seberang-jaya-115831283.htm
Newly renovated unit for sale,"RM 600,000","Vertu Resort @ Aspen Vision City, Batu Kawan",4,2,1290,Condominium,Freehold,MY Lee,'0125521881,https://www.mudah.my/newly-renovated-unit-for-sale-115977915.htm
I-Santorini Condominium,"RM 600,000","I-Santorini, Tanjong Tokong",3,2,850,Condominium,Leasehold,Mr Kee,'0124518908,https://www.mudah.my/i-santorini-condominium-115962303.htm
Commercial land for sale (beside Econsave),"RM 600,000","Butterworth, Penang",N/A,N/A,0.05,Commercial Land,Freehold,Vimalan V,'0167026121,https://www.mudah.my/commercial-land-for-sale-beside-econsave-115925114.htm
(Rare) Well Maintained Fully furnished double storey Terrace house,"RM 600,000","Simpang Ampat, Penang",4,3,1760,Terraced House,Freehold,jim wong,'01157116097,https://www.mudah.my/rare-well-maintained-fully-furnished-double-storey-terrace-house-115914831.htm
Tropicana Bay Residence Direct Owner For Sale,"RM 600,000","Tropicana Bay Residences @ PWC, Bayan Lepas",3,2,872,Condominium,Freehold,PN Khoo,'01110699352,https://www.mudah.my/tropicana-bay-residence-direct-owner-for-sale-115896235.htm
Bayan Lepas Relau Sky Vista Condo,"RM 600,000","Setia Sky Vista, Relau",3,2,1165,Condominium,Freehold,Yong Han Chong,'0105099627,https://www.mudah.my/bayan-lepas-relau-sky-vista-condo-115852217.htm
Fully renovation (NEGO),"RM 600,000","Bayan Lepas, Penang",3,2,1050,Others,Freehold,Noor Has,'0134548593,https://www.mudah.my/fully-renovation-nego-115831357.htm
"Mutiara Residence, Balik Pulau","RM 600,000","Balik Pulau, Penang",4,3,2163,2-storey Terraced House,Freehold,Khar Boey,'0165575826,https://www.mudah.my/mutiara-residence-balik-pulau-115761840.htm
Double Storey Extra Large,"RM 605,000","Bertam, Penang",4,3,2325,2-storey Terraced House,Freehold,Mohd Danish,'01136274107,https://www.mudah.my/double-storey-extra-large-115914872.htm
"The Clovers, Sungai Ara, near Penang Airpoirt","RM 610,000","The Clovers, Sungai Ara",3,3,1598,Condominium,Freehold,Chew Aun Tan,'0174139583,https://www.mudah.my/the-clovers-sungai-ara-near-penang-airpoirt-115930266.htm
Tropicana 218 Macalister studio unit for sell - Direct Owner,"RM 620,000","Tropicana 218 Macalister, Georgetown",1,1,378,Service Residence,Freehold,run88run88run88,'0124053866,https://www.mudah.my/tropicana-218-macalister-studio-unit-for-sell-direct-owner-115973203.htm
Mar Vista Fully Remodelled and Renovated Seaview Condo on a Prime Land,"RM 620,000","Desa Mar Vista, Batu Ferringhi",3,3,1260,Condominium,Freehold,Ms JL,'01139461922,https://www.mudah.my/mar-vista-fully-remodelled-and-renovated-seaview-condo-on-a-prime-land-115908932.htm
Double Storey Terrace (End Lot),"RM 630,000","Air Tawar, Penang",4,3,2077,Terraced House,Freehold,syifulerman80,'0194803751,https://www.mudah.my/double-storey-terrace-end-lot-115928812.htm
D’Piazza Third Floor office unit For Sale,"RM 630,000","Bayan Baru, Penang",N/A,N/A,1044,Office space,Freehold,Steve,'0124845500,https://www.mudah.my/d-piazza-third-floor-office-unit-for-sale-115910169.htm
BIG SIZE CONDO 1370 sqft (FULLY RENOVATED),"RM 630,000","The Navens, Bukit Mertajam, Bukit Mertajam",3,2,1370,Condominium,Freehold,Just'ss Yee,'0125269917,https://www.mudah.my/big-size-condo-1370-sqft-fully-renovated-115838263.htm
"2-Storey Freehold Shop Lot For Sale in Kepala Batas, Penang","RM 630,000","Kepala Batas, Penang",N/A,N/A,1517,Shop lot,Freehold,Ong choo seong,'0124780390,https://www.mudah.my/2-storey-freehold-shop-lot-for-sale-in-kepala-batas-penang-115814978.htm
Penang Seberang Jaya Freehold Greenview Pavilion Residence Condominium For Sale,"RM 630,000","Greenview Pavilion Residence, Seberang Jaya",4,2,1506,Condominium,Freehold,Awind Lim,'0184000170,https://www.mudah.my/penang-seberang-jaya-freehold-greenview-pavilion-residence-condominium-for-sale-115792096.htm
1 Sky shop lot,"RM 635,000","Bayan Lepas, Penang",N/A,N/A,1270,Shop lot,Leasehold,Ms Khor,'0164400501,https://www.mudah.my/1-sky-shop-lot-115848239.htm
Best Buy 3 car park Clover condo private lift ,"RM 638,000","The Clovers, Sungai Ara",3,3,1598,Condominium,Freehold,Lillian WW,'0164301539,https://www.mudah.my/best-buy-3-car-park-clover-condo-private-lift-115851440.htm
Corner Lot Single Storey Terrace House Setia Fontaines Penang ,"RM 638,000","Kepala Batas, Penang",3,2,3600,1-storey Terraced House,Freehold,SK Goi,'0192821488,https://www.mudah.my/corner-lot-single-storey-terrace-house-setia-fontaines-penang-115748077.htm
The Amarene | Prestigious Luxury Condominium for Sale,"RM 640,000","The Amarene @ Ideal Vision Park, Bayan Lepas",4,3,1200,Condominium,Freehold,Khoo Eric,'0109328238,https://www.mudah.my/the-amarene-prestigious-luxury-condominium-for-sale-115902630.htm
Taman Kota Permai Single Storey Semi D House For Sale|Bukit Mertajam,"RM 640,000","Bukit Mertajam, Penang",4,3,2800,Semi-Detached House,Freehold,Mohd Lizan,'0195107878,https://www.mudah.my/taman-kota-permai-single-storey-semi-d-house-for-sale-bukit-mertajam-115876298.htm
"SHINEVILLE PARK, PENANG — FOR SALEA spacious, renovated home with room","RM 650,000","Ayer Itam, Penang",5,2,1650,Others,Freehold,Sarva Brenda,'01136069599,https://www.mudah.my/shineville-park-penang-for-salea-spacious-renovated-home-with-room-115959357.htm
1st Hand Condominium,"RM 650,000","Tropicana Bay Residences @ PWC, Bayan Lepas",3,2,1050,Condominium,Freehold,Kh,'0124788501,https://www.mudah.my/1st-hand-condominium-115919075.htm
Single storey Semi D,"RM 650,000","Perai, Penang",3,2,2098,Semi-Detached House,Freehold,Narayanan Nara Nara,'0174603548,https://www.mudah.my/single-storey-semi-d-115868304.htm
"Lokasi strategik di bandar Bukit Mertajam.  Berdekatan dengan sekolah, Hospital, Balai Polis.","RM 650,000","Aston Acacia @Bukit Mertajam, Bukit Mertajam",4,2,1206,Service Residence,Freehold,Abd muain bin abdul azizit @ abdul aziz,'0174077261,https://www.mudah.my/lokasi-strategik-di-bandar-bukit-mertajam-berdekatan-dengan-sekolah-hospital-balai-polis-115843394.htm
"Balik Pulau Semi -D , move in condition","RM 650,000","Balik Pulau, Penang",4,2,2785,Semi-Detached House,Freehold,maytan.alcp,'0164144388,https://www.mudah.my/balik-pulau-semi-d-move-in-condition-115843341.htm
2 Storey Terrace House Gated with full facility,"RM 650,000","Simpang Ampat, Penang",4,3,1800,2-storey Terraced House,Freehold,Hafidah Mohamed,'0124927247,https://www.mudah.my/2-storey-terrace-house-gated-with-full-facility-115760668.htm
Super cool and peaceful residency,"RM 650,000","Condo Gembira, Greenlane",3,2,1100,Condominium,Freehold,Boon Huck Wee,'0124185435,https://www.mudah.my/super-cool-and-peaceful-residency-115819724.htm
Penang Georgetown Freehold Tropicana 218 Macalister Service Residence For Sale,"RM 650,000","Tropicana 218 Macalister, Georgetown",1,1,424,Service Residence,Freehold,Brian Chew,'0123970972,https://www.mudah.my/penang-georgetown-freehold-tropicana-218-macalister-service-residence-for-sale-115783572.htm
High rise condo for sale,"RM 650,000","The Clovers, Sungai Ara",4,3,1598,Condominium,Freehold,Will Wu,'0198887047,https://www.mudah.my/high-rise-condo-for-sale-115767968.htm
2-Storey Terraced Balik Pulau,"RM 650,000","Balik Pulau, Penang",4,3,2200,2-storey Terraced House,Freehold,Mr RenC,'0176677148,https://www.mudah.my/2-storey-terraced-balik-pulau-115758275.htm
Desa Samudra ,"RM 658,000","Desa Samudra, Georgetown",3,2,1100,Apartment,Freehold,Chengchooi Quah,'0124275478,https://www.mudah.my/desa-samudra-115775503.htm
Single Storey Teres Fully Renovated Solok Kampung Jawa Bayan Baru ,"RM 660,000","Bayan Baru, Penang",3,2,1440,1-storey Terraced House,Leasehold,Rafiq Ismail,'0125455577,https://www.mudah.my/single-storey-teres-fully-renovated-solok-kampung-jawa-bayan-baru-115833856.htm
"Peaceful, Breezy Apartment in Good Location and Amenities","RM 660,000","Lavinia Apartments, Sungai Nibong",3,2,1200,Apartment,Freehold,Slf slf,'0124826382,https://www.mudah.my/peaceful-breezy-apartment-in-good-location-and-amenities-115815786.htm
Chai Leng Park | 2-Storey Intermediate Corner House | FOR SALE,"RM 668,000","Perai, Penang",3,2,2065,2-storey Terraced House,Freehold,Siew Shyan Lee,'0174995413,https://www.mudah.my/chai-leng-park-2-storey-intermediate-corner-house-for-sale-115890794.htm
Block E For Sale,"RM 670,000","Vertu Resort @ Aspen Vision City, Batu Kawan",4,2,1290,Condominium,Freehold,Ks cc,'0146564678,https://www.mudah.my/block-e-for-sale-115851404.htm
Direct owner listing - Lrg Sg  Batu - 2 Storet Terrace Fully Renovated,"RM 678,000","Bayan Lepas, Penang",4,3,1800,2-storey Terraced House,Freehold,Anthony Yang,'0124278822,https://www.mudah.my/direct-owner-listing-lrg-sg-batu-2-storet-terrace-fully-renovated-115972205.htm
Very close to USM Engineering Campus Transkrian. Minutes away from Myd,"RM 680,000","Nibong Tebal, Penang",3,2,5188,Semi-Detached House,Freehold,Vallavan Kettavan,'0164102510,https://www.mudah.my/very-close-to-usm-engineering-campus-transkrian-minutes-away-from-myd-115937299.htm
conner lot,"RM 680,000","Perai, Penang",4,3,2465,2-storey Terraced House,Freehold,maline Rajagopal,'0103985271,https://www.mudah.my/conner-lot-115874919.htm
Penang Bandar Perda Freehold Townhouse For Sale,"RM 680,000","Bandar Perda, Penang",3,3,1614,Townhouse,Freehold,KC Shelvam Chandra Sagaran,'0124206666,https://www.mudah.my/penang-bandar-perda-freehold-townhouse-for-sale-114746094.htm
rumah teres 3 tingkat fasa 2A,"RM 680,000","Sungai Dua, Penang",4,5,2200,3-storey Terraced House,Freehold,najib ahmad,'0103852398,https://www.mudah.my/rumah-teres-3-tingkat-fasa-2a-115747667.htm
3 Storey Suria Vista Townhouse corner lot for sale,"RM 685,000","Paya Terubong, Penang",4,3,1750,Townhouse,Freehold,Lim Pin,'0123983239,https://www.mudah.my/3-storey-suria-vista-townhouse-corner-lot-for-sale-115884551.htm
Taman Riang Butterworth Double Storey House For Sale,"RM 690,000","Butterworth, Penang",4,3,1550,2-storey Terraced House,Freehold,sindrasivier,'0125518246,https://www.mudah.my/taman-riang-butterworth-double-storey-house-for-sale-115930305.htm
Sea View Condo For Sale (Direct Owner) No commision,"RM 690,000","Leader Garden, Tanjung Bungah",3,2,1147,Apartment,Freehold,Santhirasegaran nadarajan,'0195981010,https://www.mudah.my/sea-view-condo-for-sale-direct-owner-no-commision-115879872.htm
Bagan Ajam 2-Storey Terrace House l Great Location l Family Home,"RM 695,000","Bagan Ajam, Penang",4,2,1200,2-storey Terraced House,Freehold,Ms.Phang,'0164456607,https://www.mudah.my/bagan-ajam-2-storey-terrace-house-l-great-location-l-family-home-115890317.htm
1Sky,"RM 698,000","Bayan Lepas, Penang",N/A,N/A,1270,Shop lot,Leasehold,chooi fung CK,'0164400501,https://www.mudah.my/1sky-115848521.htm
suasana utropolis,"RM 699,000","Suasana @ Utropolis, Batu Kawan",4,3,1313,Service Residence,Freehold,Ivan,'0175536407,https://www.mudah.my/suasana-utropolis-115905670.htm
Balik Pulau Flat Land,"RM 700,000","Balik Pulau, Penang",N/A,N/A,0.53,Residential Land,Freehold,Danny Cheang,'0164545151,https://www.mudah.my/balik-pulau-flat-land-115896270.htm
Starhill Bukit Gambier - Center of Penang Island | Easy to Town & Bayan Lepas | 1283sqft RM100k Reno,"RM 709,000","Starhill Luxury Residences, Gelugor",3,2,1283,Condominium,Freehold,Yun Yen Chuah,'0175783632,https://www.mudah.my/starhill-bukit-gambier-center-of-penang-island-easy-to-town-bayan-lepas-1283sqft-rm100k-reno-115760378.htm
Fully Furnished & Fully Renovated Move-in Ready!,"RM 710,000","Meritus Residensi, Perai",2,3,1421,Service Residence,Freehold,Lim ming chun,'01126612614,https://www.mudah.my/fully-furnished-fully-renovated-move-in-ready-115952017.htm
Arena Residences Tower A Unit Residential Title for Sale,"RM 720,000","Arena Residence @ The Arena, Bayan Baru",4,2,1200,Condominium,Freehold,Jim,'0174003188,https://www.mudah.my/arena-residences-tower-a-unit-residential-title-for-sale-115974935.htm
"Sri York Condominium, Georgetown Penang for sale","RM 720,000","Sri York, Georgetown",3,2,1000,Condominium,Freehold,BS Koay,'0164883409,https://www.mudah.my/sri-york-condominium-georgetown-penang-for-sale-115939439.htm
Freehold Taman Kimsar Corner Lot Butterworth,"RM 720,000","Seberang Perai, Penang",4,1,2600,1-storey Terraced House,Freehold,Miss Jules,'0179693938,https://www.mudah.my/freehold-taman-kimsar-corner-lot-butterworth-115850297.htm
Alma Gated Fully Furnised Double Storey For Sale,"RM 720,000","Alma, Penang",4,3,2200,Terraced House,Freehold,Mr tan,'0163559649,https://www.mudah.my/alma-gated-fully-furnised-double-storey-for-sale-115758204.htm
"3 RESIDENCE CONDO FOR RENT @ Karpal Singh Drive, Jelutong","RM 725,000","3 Residence, Jelutong",3,2,854,Condominium,Leasehold,Peter Lee,'0124237219,https://www.mudah.my/3-residence-condo-for-rent-karpal-singh-drive-jelutong-115958323.htm
FOR SALE | Arte S @ BUKIT GAMBIR,"RM 728,000","Arte S, Gelugor",3,2,1450,Service Residence,Freehold,Kelvin Tan,'0149479121,https://www.mudah.my/for-sale-arte-s-bukit-gambir-115930117.htm
Fiera Vista (near Airport),"RM 728,000","Fiera Vista, Bayan Lepas",4,3,1650,Condominium,Freehold,Ms Tan,'0164223256,https://www.mudah.my/fiera-vista-near-airport-115860948.htm
Summerskye Residence Dual Key Unit,"RM 735,000","SummerSkye Residences, Bayan Lepas",3,3,1200,Condominium,Freehold,chung tuck lee,'0125228662,https://www.mudah.my/summerskye-residence-dual-key-unit-115837706.htm
3 Residence for sales,"RM 735,000","3 Residence, Jelutong",3,2,850,Condominium,Leasehold,Yik JC,'0164148815,https://www.mudah.my/3-residence-for-sales-115808657.htm
3 Storey Terrace House at Raja Uda for Sale,"RM 738,000","Raja Uda, Penang",4,4,2052,3-storey Terraced House,Freehold,Chun Chean lim,'0102449606,https://www.mudah.my/3-storey-terrace-house-at-raja-uda-for-sale-115789748.htm
Maritime suite #Bank value RM 1M# ,"RM 750,000","The Maritime, Jelutong",2,2,1050,Service Residence,Leasehold,liling,'0124366572,https://www.mudah.my/maritime-suite-bank-value-rm-1m-115944560.htm
Owner Cheap Sale Tropicana Bay Residence,"RM 750,000","Tropicana Bay Residences @ PWC, Bayan Lepas",4,3,1320,Condominium,Freehold,Gino Ooi,'0164191372,https://www.mudah.my/owner-cheap-sale-tropicana-bay-residence-115957964.htm
Taman Nusa Cinta - Setia Fontaines,"RM 750,000","Bertam, Penang",4,3,2197,Semi-Detached House,Freehold,Fairuz,'0124322576,https://www.mudah.my/taman-nusa-cinta-setia-fontaines-115883568.htm
Novus Corner Unit For Sale,"RM 759,000","Novus Condominium, Bayan Lepas",3,2,1155,Condominium,Freehold,Ganesh AR,'0165214975,https://www.mudah.my/novus-corner-unit-for-sale-115779971.htm
Sunway Dora @ Bayan Lepas 1050sf Brand New Unit Low Density,"RM 760,000","Bayan Lepas, Penang",3,2,1050,Condominium,Freehold,Mr Teh,'01149693988,https://www.mudah.my/sunway-dora-bayan-lepas-1050sf-brand-new-unit-low-density-115991331.htm
Krystal Court Townhouse CHEAP,"RM 760,000","Sungai Nibong, Penang",4,3,1389,2.5-storey Terraced House,Freehold,Lisa Lian,'0174707311,https://www.mudah.my/krystal-court-townhouse-cheap-115978097.htm
owner Homestay,"RM 760,000","Beacon Executive Suites, Georgetown",2,2,980,Service Residence,Freehold,kang ze fung,'0143429299,https://www.mudah.my/owner-homestay-115934237.htm
Villa Ria Condominium Bu1100sf Corner Unit Low Density Tanjung Bungah,"RM 760,000","Villa Ria, Tanjung Bungah",3,2,1100,Condominium,Freehold,spring,'0194067749,https://www.mudah.my/villa-ria-condominium-bu1100sf-corner-unit-low-density-tanjung-bungah-115749198.htm
Double Storey Terrace House  For sales,"RM 765,000","Butterworth, Penang",4,3,1165,2-storey Terraced House,Freehold,Teh B y,'0175939850,https://www.mudah.my/double-storey-terrace-house-for-sales-115890515.htm
Rumah Teres Lot Tepi Untuk Dijual,"RM 780,000","Bayan Baru, Penang",3,1,2440,1-storey Terraced House,Leasehold,Qam Ahmad,'0194574332,https://www.mudah.my/rumah-teres-lot-tepi-untuk-dijual-115968522.htm
Zen6 for Rent Long Term Sea View Condo No Agency Fee,"RM 780,000","The Zen, Gelugor",3,2,1050,New Condominium,Freehold,aunneetong,'01157778067,https://www.mudah.my/zen6-for-rent-long-term-sea-view-condo-no-agency-fee-115838826.htm
2.5 Storey Terrace Corner House with Big Compound,"RM 788,000","Juru, Penang",4,3,3100,2.5-storey Terraced House,Freehold,R p,'0179883362,https://www.mudah.my/2-5-storey-terrace-corner-house-with-big-compound-115840387.htm
Luxury Residence For Sale,"RM 790,000","The Clovers, Sungai Ara",4,3,2015,Condominium,Freehold,admin,'0192382991,https://www.mudah.my/luxury-residence-for-sale-115827178.htm
Bungalow for sale at Sg Bakap,"RM 790,000","Sungai Bakap, Penang",4,3,2530,Bungalow House,Freehold,Oh Eng Lim,'0164554186,https://www.mudah.my/bungalow-for-sale-at-sg-bakap-115757184.htm
SINGLE story semi D @ Batu Ferringhi,"RM 798,000","Batu Ferringhi, Penang",3,2,2200,Semi-Detached House,Freehold,Owner SH,'0192176358,https://www.mudah.my/single-story-semi-d-batu-ferringhi-115815733.htm
Reflections Condominium Corner Unit Sea View,"RM 799,000","Reflections Condominium, Bayan Lepas",4,3,1449,Condominium,Freehold,Jimmy W,'01110796889,https://www.mudah.my/reflections-condominium-corner-unit-sea-view-115953165.htm
TK Residence: 10 Mins to Silicon Island & FIZ | High Growth Corridor,"RM 799,000","Bayan Lepas, Penang",3,3,1900,2-storey Terraced House,Freehold,Denise Ho,'0124087704,https://www.mudah.my/tk-residence-10-mins-to-silicon-island-fiz-high-growth-corridor-115837842.htm
DIRECT OWNER-Maritime SUITE BLOCK B FOR SALE,"RM 800,000","Georgetown, Penang",N/A,N/A,958,Soho,Leasehold,Efah efa,'0184011209,https://www.mudah.my/direct-owner-maritime-suite-block-b-for-sale-115825375.htm
Penang Pauh Jaya Freehold 2-Storey Corner House For Sale,"RM 800,000","Pauh Jaya, Penang",4,3,3200,2-storey Terraced House,Freehold,Haji Waheed Rahman,'0129508313,https://www.mudah.my/penang-pauh-jaya-freehold-2-storey-corner-house-for-sale-115748614.htm
Ferringhi Residence 2 @Seaview,"RM 820,000","Ferringhi Residence 2, Batu Ferringhi",3,3,1497,Condominium,Freehold,Edmund Teoh,'0164539818,https://www.mudah.my/ferringhi-residence-2-seaview-115774347.htm
"Simpang Ampat bandar tasek mutiara
2 storey shoplot ","RM 830,000","Simpang Ampat, Penang",N/A,N/A,1320,Shop lot,Freehold,CL Organic,'0134893083,https://www.mudah.my/simpang-ampat-bandar-tasek-mutiara-2-storey-shoplot-115852642.htm
The meg tower A 679sft,"RM 840,000","Bukit Mertajam, Penang",2,2,679,Others,Freehold,Dinson Oon Oon,'01159731203,https://www.mudah.my/the-meg-tower-a-679sft-115825107.htm
"Well-maintained bungalow with huge land – Nibong Tebal, Penang","RM 840,000","Nibong Tebal, Penang",6,3,48000,Bungalow House,Freehold,Reeva reena,'0174345489,https://www.mudah.my/well-maintained-bungalow-with-huge-land-nibong-tebal-penang-115774460.htm
Duplex Maritime Suite 1050sf Karpal Singh Drive Fully Seaview,"RM 848,000","The Maritime, Jelutong",2,2,1050,Duplex,Leasehold,damonkkchan,'0124396572,https://www.mudah.my/duplex-maritime-suite-1050sf-karpal-singh-drive-fully-seaview-115762927.htm
3 Storey Terrace House for SALE,"RM 850,000","Butterworth, Penang",4,5,2400,3-storey Terraced House,Freehold,Bae wooihan,'0125690337,https://www.mudah.my/3-storey-terrace-house-for-sale-115905029.htm
Rumah kampung dua tingkat berserta dusun buah-buahan,"RM 850,000","Tasek Gelugor, Penang",N/A,N/A,0.7,Land,Freehold,Mohd Fuad Mohd Noor,'0122612181,https://www.mudah.my/rumah-kampung-dua-tingkat-berserta-dusun-buah-buahan-115839636.htm
Two Story Terrace @ Taman Tunas Muda,"RM 850,000","Bayan Baru, Penang",3,3,2000,2-storey Terraced House,Freehold,Nathanael Kuan,'0165510460,https://www.mudah.my/two-story-terrace-taman-tunas-muda-115840343.htm
Hijauan Valdor Semi Detach House,"RM 850,000","Valdor, Penang",4,5,3197,Semi-Detached House,Freehold,bc,'0124273220,https://www.mudah.my/hijauan-valdor-semi-detach-house-115831664.htm
Alila Horizon Condo Tanjung Bungah Penang to Sell,"RM 860,000","Alila Horizon, Tanjung Bungah",3,2,1388,Condominium,Freehold,Alfred Tan,'0194133818,https://www.mudah.my/alila-horizon-condo-tanjung-bungah-penang-to-sell-115954130.htm
"Semi-D Bukit Mertajam, Bukit Minyak Hotspot Icon City & Aeon Big","RM 869,888","Bukit Mertajam, Penang",4,3,2868,Semi-Detached House,Freehold,Tan,'0102088228,https://www.mudah.my/semi-d-bukit-mertajam-bukit-minyak-hotspot-icon-city-aeon-big-115911398.htm
The Uban residence,"RM 870,000","Bayan Lepas, Penang",3,3,2100,Others,Freehold,Ooi chong wei,'0174117677,https://www.mudah.my/the-uban-residence-115896619.htm
1.5 Storey Light Industry Permatang Tinggi Usahajaya,"RM 880,000","Permatang Tinggi, Penang",N/A,N/A,2200,Warehouse / Factory,Freehold,Mr Ganaesan,'0124661316,https://www.mudah.my/1-5-storey-light-industry-permatang-tinggi-usahajaya-115815942.htm
Rumah Tiga Tingkat Teres,"RM 880,000","Balik Pulau, Penang",5,4,2874,Terraced House,Freehold,Daniel Zaini,'0169741676,https://www.mudah.my/rumah-tiga-tingkat-teres-115883588.htm
Mansion One | Direct Seaview Unit & Direct Owner For Sale,"RM 890,000","Mansion One, Georgetown",2,2,864,Service Residence,Freehold,PN Khoo,'01110699352,https://www.mudah.my/mansion-one-direct-seaview-unit-direct-owner-for-sale-115896814.htm
"Renovated Office/Commercial Unit in Southbay Plaza, BatuMaung For Sale","RM 895,000","Batu Maung, Penang",N/A,N/A,1386,Office space,Freehold,Miss Lim,'0184005699,https://www.mudah.my/renovated-office-commercial-unit-in-southbay-plaza-batumaung-for-sale-115750992.htm
Straits Garden Condo @ georgetown,"RM 898,000","Straits Garden Condominium, Jelutong",3,2,1345,Condominium,Freehold,Owner SH,'0192176358,https://www.mudah.my/straits-garden-condo-georgetown-115758205.htm
"TAMAN ASTON INDAH, BUKIT MERTAJAM 3-Storey Intermediate","RM 899,000","Bukit Mertajam, Penang",5,5,2838,3-storey Terraced House,Freehold,Nisha Pannirselvan,'01126264151,https://www.mudah.my/taman-aston-indah-bukit-mertajam-3-storey-intermediate-115970461.htm
16 Lebuh raya fettes Kedua (Near S/Quay island 88 Gurney) ,"RM 899,000","Tanjong Tokong, Penang",3,2,1900,1.5-storey Terraced House,Freehold,Lim Chee Ghee,'0105029999,https://www.mudah.my/16-lebuh-raya-fettes-kedua-near-s-quay-island-88-gurney-115748811.htm
2100 Square Feet Build Up 2 Story Terrace House,"RM 900,000","Batu Maung, Penang",4,3,2000,2-storey Terraced House,Freehold,Ethan Yeap,'0124021586,https://www.mudah.my/2100-square-feet-build-up-2-story-terrace-house-115991223.htm
Raja uda 2-Storey Corner Terrace l Large Land l For Sale l 3104 sqft,"RM 900,000","Butterworth, Penang",3,2,3104,2-storey Terraced House,Freehold,Ms.Phang,'0164456607,https://www.mudah.my/raja-uda-2-storey-corner-terrace-l-large-land-l-for-sale-l-3104-sqft-115890536.htm
Spacious 5+1 BR @ Jalan Song Ban Kheng | Prime BM Location,"RM 900,000","Bukit Mertajam, Penang",6,5,3770,3.5-storey Terraced House,Freehold,Welson Lim,'0124961110,https://www.mudah.my/spacious-5-1-br-jalan-song-ban-kheng-prime-bm-location-115869604.htm
"Bayu Trisha, Bayan Lepas","RM 900,000","Bayan Lepas, Penang",4,4,1205,2-storey Terraced House,Freehold,Afiq Property,'0189487587,https://www.mudah.my/bayu-trisha-bayan-lepas-115766062.htm
ASPEN Viluxe Collection Batu Kawan Bandar Cassia Bare Unit,"RM 930,000","Batu Kawan, Penang",4,3,2400,2-storey Terraced House,Freehold,Ms Chew,'0125875363,https://www.mudah.my/aspen-viluxe-collection-batu-kawan-bandar-cassia-bare-unit-115890572.htm
A corner double-storey terrace house,"RM 950,000","Balik Pulau, Penang",4,3,351,2-storey Terraced House,Freehold,Loganathan arumugam,'0125226004,https://www.mudah.my/a-corner-double-storey-terrace-house-115935296.htm
Own A Beautiful House called HOME,"RM 950,000","Air Tawar, Penang",4,4,2950,3-storey Terraced House,Freehold,prashaini84,'0165002066,https://www.mudah.my/own-a-beautiful-house-called-home-115799271.htm
The Tamarind,"RM 950,000","The Tamarind @ Seri Tanjung Pinang, Tanjong Tokong",3,2,1047,Condominium,Freehold,Aw Yoang seng,'0164948483,https://www.mudah.my/the-tamarind-115789128.htm
2 Storey Bungalow at Royale Heights (Taman Lembah Indah),"RM 980,000","Bukit Minyak, Penang",4,4,2100,Zero-Lot Bungalow,Freehold,Chua ST,'0135307168,https://www.mudah.my/2-storey-bungalow-at-royale-heights-taman-lembah-indah-115838255.htm
"SINGLE STOREY TERRACE FOR SALE (FREEHOLD), Penang","RM 985,000","Bayan Baru, Penang",4,2,1700,1-storey Terraced House,Freehold,nicosunn,'0167086088,https://www.mudah.my/single-storey-terrace-for-sale-freehold-penang-115875059.htm
Direct Owner Penang Southbay Plaza Condo for sale✨,"RM 1,000,000","Southbay Plaza Residential Suites, Bayan Lepas",3,3,1433,Apartment,Freehold,tiffany yang,'0134281133,https://www.mudah.my/direct-owner-penang-southbay-plaza-condo-for-sale-115792912.htm
"Elit Heights, Bayan Lepas – Top Floor Apartment for Sale","RM 1,100,000","Elit Heights @ Bayan City, Bayan Lepas",5,4,2455,Condominium,Freehold,Foong foong too,'01112216619,https://www.mudah.my/elit-heights-bayan-lepas-top-floor-apartment-for-sale-115946619.htm
House for Sale,"RM 1,100,000","Bukit Mertajam, Penang",5,4,6093,Bungalow House,Freehold,logisnyk233,'0124869622,https://www.mudah.my/house-for-sale-115917533.htm
UL Residency 4.5 storey Town House with lift,"RM 1,100,000","Ayer Itam, Penang",5,5,4491,Townhouse,Freehold,Mr Ang,'0164223181,https://www.mudah.my/ul-residency-4-5-storey-town-house-with-lift-115815986.htm
"Emerald Park, Bayan Lepas, Penang","RM 1,100,000","Bayan Lepas, Penang",5,3,2300,Semi-Detached House,Freehold,Eric Tt,'0164009508,https://www.mudah.my/emerald-park-bayan-lepas-penang-115793398.htm
Penang Georgetown Freehold Bungalow House For Sale,"RM 1,110,000","Georgetown, Penang",2,1,2160,Bungalow House,Freehold,Nesh Man,'0163288684,https://www.mudah.my/penang-georgetown-freehold-bungalow-house-for-sale-115806504.htm
Alma New Semi-D House For Sale,"RM 1,122,000","Alma, Penang",4,4,4320,Semi-Detached House,Freehold,YS Woo,'0176808051,https://www.mudah.my/alma-new-semi-d-house-for-sale-115769157.htm
"Luxury Freehold Condominium for Sale – Raffel Tower, Penang","RM 1,150,000","Raffel Tower, Gelugor",3,3,1400,Condominium,Freehold,Carolyn Lee,'0124815880,https://www.mudah.my/luxury-freehold-condominium-for-sale-raffel-tower-penang-115977939.htm
Renovated Double Storey Semi Detached house,"RM 1,150,000","Alma, Penang",6,5,2600,Semi-Detached House,Freehold,Busaking Sun,'01140100667,https://www.mudah.my/renovated-double-storey-semi-detached-house-115856539.htm
Gated and guarded landed house for sale,"RM 1,150,000","Sungai Ara, Penang",5,4,2400,2.5-storey Terraced House,Freehold,Adele koay,'0124092711,https://www.mudah.my/gated-and-guarded-landed-house-for-sale-115807944.htm
Move in Condo Sale,"RM 1,200,000","Ferringhi Residence, Batu Ferringhi",4,4,1750,Condominium,Freehold,Looi Gary,'0174227852,https://www.mudah.my/move-in-condo-sale-115945142.htm
End lot Double Storey Terraced House TK Residence ,"RM 1,200,000","Teluk Kumbar, Penang",4,3,2713,2-storey Terraced House,Freehold,ooi LF,'0124553350,https://www.mudah.my/end-lot-double-storey-terraced-house-tk-residence-115923952.htm
"Rumah Banglo Setingkat Di Bertam, Kepala Batas","RM 1,200,000","Kepala Batas, Penang",3,3,2450,Bungalow House,Freehold,Azarena,'0164119151,https://www.mudah.my/rumah-banglo-setingkat-di-bertam-kepala-batas-115957400.htm
Dbl Storey Link Bungalow,"RM 1,200,000","Bukit Mertajam, Penang",6,5,3961,Link Bungalow,Freehold,L Vijayaletchumi S Loganathan,'0195435528,https://www.mudah.my/dbl-storey-link-bungalow-115934296.htm
2 Storey SEMI-D MOVE IN CONDITION LA 2144 FREEHOLD SOLOK,"RM 1,200,000","Ayer Itam, Penang",4,3,2500,Semi-Detached House,Freehold,pan pan,'0165539994,https://www.mudah.my/2-storey-semi-d-move-in-condition-la-2144-freehold-solok-115852800.htm
Krystal Point First Floor Corner Unit Office Lot For Sale,"RM 1,220,000","Bukit Jambul, Penang",N/A,N/A,1945,Office space,Freehold,Steve,'0124845500,https://www.mudah.my/krystal-point-first-floor-corner-unit-office-lot-for-sale-115909697.htm
Penang Georgetown Freehold Taman Festival Apartment For Sale,"RM 1,225,000","Taman Festival, Georgetown",3,2,1750,Apartment,Freehold,Chelvi / balan,'043974080,https://www.mudah.my/penang-georgetown-freehold-taman-festival-apartment-for-sale-115791311.htm
Double story bungalow at bayan lepas,"RM 1,250,000","Bayan Lepas, Penang",4,2,1400,Bungalow House,Freehold,mfabob mfabob,'0174361202,https://www.mudah.my/double-story-bungalow-at-bayan-lepas-115875152.htm
"FOR SALE : 🔥 Raffel Tower Penang | 1,600sqft Sea View Corner Unit | 3+1 Rooms | Fully Furnished |","RM 1,250,000","Raffel Tower, Gelugor",3,3,1600,Condominium,Freehold,Madam Vick,'01156919251,https://www.mudah.my/for-sale-raffel-tower-penang-1-600sqft-sea-view-corner-unit-3-1-rooms-fully-furnished-115830796.htm
Penang Muze condo PICC,"RM 1,280,000","Muze @ PICC, Bayan Lepas",3,2,1089,Condominium,Freehold,alicia_thean@hotmail.com,'0124612357,https://www.mudah.my/penang-muze-condo-picc-115970752.htm
Big Land Corner Single Semi D For Sales,"RM 1,290,000","Sungai Jawi, Penang",3,2,6345,Semi-Detached House,Freehold,Mr.Tey,'0189695777,https://www.mudah.my/big-land-corner-single-semi-d-for-sales-115899811.htm
First Grade freehold land next to stream,"RM 1,290,000","Balik Pulau, Penang",N/A,N/A,1,Mixed Development Land,Freehold,Nance Wong,'0127800937,https://www.mudah.my/first-grade-freehold-land-next-to-stream-115816283.htm
Guest house for sale ,"RM 1,300,000","Batu Ferringhi, Penang",N/A,N/A,4200,Hotel / Resort,Freehold,Lay tin TEH,'0125615154,https://www.mudah.my/guest-house-for-sale-115839274.htm
Leader Garden Condominium Duplex unit,"RM 1,300,000","Leader Garden, Tanjung Bungah",7,5,3400,Condominium,Freehold,Lee Tong Hai,'0124121608,https://www.mudah.my/leader-garden-condominium-duplex-unit-115827083.htm
Penang Tanjung Bungah Freehold 3.5-Storey Terraced House For Sale,"RM 1,320,000","Tanjung Bungah, Penang",6,5,4000,3.5-storey Terraced House,Freehold,Nic Chg,'0174987618,https://www.mudah.my/penang-tanjung-bungah-freehold-3-5-storey-terraced-house-for-sale-115760118.htm
Penang Sungai Lokan Freehold Warehouse / Factory For Sale,"RM 1,350,000","Butterworth, Penang",N/A,N/A,1920,Warehouse / Factory,Freehold,Boon Hiong Yoo,'0103781729,https://www.mudah.my/penang-sungai-lokan-freehold-warehouse-factory-for-sale-115809027.htm
3 storey freehold,"RM 1,350,000","Bayan Lepas, Penang",5,4,4180,3-storey Terraced House,Freehold,Stephanie Teh,'0137320622,https://www.mudah.my/3-storey-freehold-115766713.htm
Double-Storey Bungalow(Direct Owner)(Taman Tambun Indah),"RM 1,420,000","Batu Kawan, Penang",5,3,7200,Bungalow House,Freehold,Jeydden Jeydden,'0164012525,https://www.mudah.my/double-storey-bungalow-direct-owner-taman-tambun-indah-115983864.htm
Double Storey Bungalow(Direct Owner)(Taman Tambun Indah),"RM 1,420,000","Simpang Ampat, Penang",5,3,7200,Bungalow House,Freehold,Jeydden Jeydden,'0164012525,https://www.mudah.my/double-storey-bungalow-direct-owner-taman-tambun-indah-115983802.htm
(Alma) 2 unit Double Storey Shoplot,"RM 1,500,000","Alma, Penang",N/A,N/A,2400,Shop lot,Freehold,Mr Kee,'0124518908,https://www.mudah.my/alma-2-unit-double-storey-shoplot-115962237.htm
Spacious 2-Storey Bungalow with 7 Bedrooms @ Taman Bukit Minyak Permai,"RM 1,500,000","Bukit Minyak, Penang",7,6,7000,Bungalow House,Freehold,Lay hoon liow,'0124166315,https://www.mudah.my/spacious-2-storey-bungalow-with-7-bedrooms-taman-bukit-minyak-permai-115957918.htm
"Exquisite 2-Storey Bungalow | 7,632 sqft Land | Taman Tambun Indah","RM 1,500,000","Simpang Ampat, Penang",4,3,2950,Bungalow House,Freehold,Welson Lim,'0124961110,https://www.mudah.my/exquisite-2-storey-bungalow-7-632-sqft-land-taman-tambun-indah-115892620.htm
Double-Storey Bungalow(Direct Owner)(Taman Tambun Indah),"RM 1,580,000","Simpang Ampat, Penang",5,3,7200,Bungalow House,Freehold,Jeydden Jeydden,'0164012525,https://www.mudah.my/double-storey-bungalow-direct-owner-taman-tambun-indah-115983696.htm
Sell Triuni Resistance ,"RM 1,590,000","Triuni Residences @ The Sanctuary, Gelugor",5,5,1916,Condominium,Freehold,Chee Heong Lee,'0182013876,https://www.mudah.my/sell-triuni-resistance-115951320.htm
Codrington Residence ,"RM 1,600,000","Codrington Residence, Pulau Tikus",3,2,1512,Condominium,Freehold,Danny Cheang,'0164545151,https://www.mudah.my/codrington-residence-115856756.htm
Penang Tanjong Tokong Freehold Semi-Detached House For Sale,"RM 1,600,000","Tanjong Tokong, Penang",4,2,3200,Semi-Detached House,Freehold,Kok Ah Swng,'0164153935,https://www.mudah.my/penang-tanjong-tokong-freehold-semi-detached-house-for-sale-115797437.htm
Rare 2-Storey Corner Bungalow | Fully Renovated & Furnished | Botanica,"RM 1,650,000","Balik Pulau, Penang",6,5,4700,Bungalow House,Freehold,liang,'0147111666,https://www.mudah.my/rare-2-storey-corner-bungalow-fully-renovated-furnished-botanica-115911637.htm
Single Storey Semi D Hillside Tanjung Bungah (No Agent Fees),"RM 1,650,000","Tanjung Bungah, Penang",4,2,4395,Semi-Detached House,Freehold,Aini Sam,'0124689857,https://www.mudah.my/single-storey-semi-d-hillside-tanjung-bungah-no-agent-fees-115791530.htm
Bukit Mertajam Tanah Liat and Penaga Tanah lot For Sale,"RM 1,660,000","Bukit Mertajam, Penang",N/A,N/A,1.27,Land,Freehold,Jun Chiet Law,'0124939855,https://www.mudah.my/bukit-mertajam-tanah-liat-and-penaga-tanah-lot-for-sale-115840169.htm
"Gated Community, Dua Villas, Bayan Lepas2-Storey Terrace corner unit","RM 1,680,000","Bayan Lepas, Penang",4,4,2100,2-storey Terraced House,Freehold,Elroy,'0124298646,https://www.mudah.my/gated-community-dua-villas-bayan-lepas2-storey-terrace-corner-unit-115773183.htm
The Light Linear Corner Unit (Direct Owner),"RM 1,700,000","The Light Linear @ The Light Waterfront, Gelugor",4,3,2626,Condominium,Freehold,Ong,'0164183777,https://www.mudah.my/the-light-linear-corner-unit-direct-owner-115860312.htm
Georgetown Pulau Pinang Freehold Land For Sale,"RM 1,700,000","Georgetown, Penang",N/A,N/A,0.04,Land,Freehold,Akhyar Azlan,'0195039218,https://www.mudah.my/georgetown-pulau-pinang-freehold-land-for-sale-115815604.htm
Penang Bayan Lepas Freehold 2-storey Terraced House For Sale,"RM 1,700,000","Bayan Lepas, Penang",5,2,3000,2-storey Terraced House,Freehold,Iris,'0123506218,https://www.mudah.my/penang-bayan-lepas-freehold-2-storey-terraced-house-for-sale-115809782.htm
Own a Piece of Cherok To'kun - Semi - Hill Land,"RM 1,772,805","Bukit Mertajam, Penang",N/A,N/A,1.07,Mixed Development Land,Freehold,Koid SP,'0124023469,https://www.mudah.my/own-a-piece-of-cherok-to-kun-semi-hill-land-115801798.htm
2.5 story Bangolow with Swimming Pool,"RM 1,800,000","Balik Pulau, Penang",5,6,4660,Bungalow House,Freehold,Chng poh hwa,'0165570999,https://www.mudah.my/2-5-story-bangolow-with-swimming-pool-115916264.htm
Corner Terrace House on Sale,"RM 1,850,000","Tanjung Bungah, Penang",6,6,3500,3-storey Terraced House,Freehold,Justin,'01133719258,https://www.mudah.my/corner-terrace-house-on-sale-115816314.htm
Penang Tasek Gelugor Banglo Untuk Dijual CASH ONLY,"RM 1,890,000","Tasek Gelugor, Penang",6,7,4500,Bungalow House,Freehold,roszainimatsaad26,'0183734088,https://www.mudah.my/penang-tasek-gelugor-banglo-untuk-dijual-cash-only-115806646.htm
Double Storey Semi Detach 4100 sf Medan Tembaga Island Park Greenlane ,"RM 1,900,000","Greenlane, Penang",4,3,4100,Semi-Detached House,Freehold,Lim peng hooi,'0107936493,https://www.mudah.my/double-storey-semi-detach-4100-sf-medan-tembaga-island-park-greenlane-115946730.htm
Bertam Perdana Lakeview,"RM 1,980,000","Bertam, Penang",5,5,5660,Bungalow House,Freehold,bellaaster789,'0125056252,https://www.mudah.my/bertam-perdana-lakeview-115824241.htm
Grade A Semi-Hill Land @Cherok To'Kun Up For Grab !,"RM 1,995,606","Bukit Mertajam, Penang",N/A,N/A,1.21,Mixed Development Land,Freehold,Koid SP,'0124023469,https://www.mudah.my/grade-a-semi-hill-land-cherok-to-kun-up-for-grab-115801776.htm
Freehold 2-STOREY COMMERCIAL PROPERTY FOR SALE – Permatang Damar Laut,"RM 2,000,000","Bayan Lepas, Penang",4,3,3810,Semi-Detached House,Freehold,Koh GaikHiang,'01116496838,https://www.mudah.my/freehold-2-storey-commercial-property-for-sale-permatang-damar-laut-115989184.htm
Pearl Hill Land - backed by mountain overlooking sea,"RM 2,000,000","Tanjung Bungah, Penang",N/A,N/A,12850,Residential Land,Freehold,Gin Go,'0134519153,https://www.mudah.my/pearl-hill-land-backed-by-mountain-overlooking-sea-115890026.htm
Semi detached 3 storey house for sale,"RM 2,100,000","Greenlane, Penang",5,3,3300,Semi-Detached House,Freehold,Beng In Choo,'0124886669,https://www.mudah.my/semi-detached-3-storey-house-for-sale-115896186.htm
"For Sale - The Light Collection III, Gelugor","RM 2,200,000","The Light Collection III, Gelugor",4,5,2163,Condominium,Freehold,Finie,'0175317611,https://www.mudah.my/for-sale-the-light-collection-iii-gelugor-115897794.htm
For Sale: Fully Renovated Semi-Detached House in Penang,"RM 2,300,000","Greenlane, Penang",3,2,4075,Semi-Detached House,Freehold,Hooi san ow yong,'0124947753,https://www.mudah.my/for-sale-fully-renovated-semi-detached-house-in-penang-115968222.htm
Semi-D | Fully Rebuilt & Fully Furnished,"RM 2,300,000","Ayer Itam, Penang",5,4,4000,Semi-Detached House,Freehold,Ms Goh,'0124256930,https://www.mudah.my/semi-d-fully-rebuilt-fully-furnished-115816762.htm
Penang Sungai Ara Freehold Semi-Detached House For Sale,"RM 2,330,000","Sungai Ara, Penang",5,4,3200,Semi-Detached House,Freehold,Andrew Tan,'0122330339,https://www.mudah.my/penang-sungai-ara-freehold-semi-detached-house-for-sale-115782606.htm
Penang Permatang Tinggi Freehold Warehouse / Factory For Sale,"RM 2,450,000","Permatang Tinggi, Penang",N/A,N/A,7300,Warehouse / Factory,Freehold,Yuvarajan,'0165416771,https://www.mudah.my/penang-permatang-tinggi-freehold-warehouse-factory-for-sale-115748456.htm
"3 Storey Semi - Detached , 7Rooms + 5 Bathroom s","RM 2,500,000","Relau, Penang",7,5,4600,Semi-Detached House,Freehold,Robert Robert,'0124853663,https://www.mudah.my/3-storey-semi-detached-7rooms-5-bathroom-s-115958678.htm
"Grade A Land, Sungai Pinang, Balik Pulau","RM 2,600,000","Balik Pulau, Penang",N/A,N/A,1.3,Residential Land,Freehold,zul rahman,'0174809150,https://www.mudah.my/grade-a-land-sungai-pinang-balik-pulau-115852225.htm
Eco Bloom commercial Ground floor Corner unit facing main road,"RM 3,200,000","Simpang Ampat, Penang",N/A,N/A,2380,Shop lot,Freehold,Tan Xuan Xuan,'0163959869,https://www.mudah.my/eco-bloom-commercial-ground-floor-corner-unit-facing-main-road-115840754.htm
The light collection I,"RM 3,400,000","Gelugor, Penang",4,4,3132,Bungalow House,Freehold,Ms Wong,'0194127677,https://www.mudah.my/the-light-collection-i-115907044.htm
Penang Gertak Sangul Agricultural Freehold Land For Sale,"RM 3,700,000","Gertak Sangul, Penang",N/A,N/A,4.27,Agricultural Land,Freehold,mathiaslai,'01161004529,https://www.mudah.my/penang-gertak-sangul-agricultural-freehold-land-for-sale-115802754.htm
Double Storey Shoplot @ Karpal Singh Seaview – Rare in Market,"RM 4,000,000","Sungai Pinang, Penang",N/A,N/A,2760,Shop lot,Leasehold,Mandy Koh,'0139309557,https://www.mudah.my/double-storey-shoplot-karpal-singh-seaview-rare-in-market-115915083.htm
RARE 2 Units Adjoining Freehold Heritage Premises For Sale- Georgetown,"RM 4,800,000","Georgetown, Penang",2,2,6561,2-storey Terraced House,Freehold,QF Ooi,'0164886880,https://www.mudah.my/rare-2-units-adjoining-freehold-heritage-premises-for-sale-georgetown-115806787.htm
Armenian Street 3-Storey Freehold Heritage Shophouse UNESCO Core Zone,"RM 5,000,000","Georgetown, Penang",N/A,N/A,2007,Shop lot,Freehold,Jason Chia,'0124182885,https://www.mudah.my/armenian-street-3-storey-freehold-heritage-shophouse-unesco-core-zone-115885578.htm
Jelutong mainroad land,"RM 5,000,000","Jelutong, Penang",N/A,N/A,8380,Others,Freehold,ckbsb128,'0164545151,https://www.mudah.my/jelutong-mainroad-land-115876241.htm
Vacant land for sales,"RM 5,300,000","Kepala Batas, Penang",N/A,N/A,4.78,Agricultural Land,Freehold,Anthony,'0134418288,https://www.mudah.my/vacant-land-for-sales-115838812.htm
Penang Road Frontage Commercial Property,"RM 5,500,000","Georgetown, Penang",N/A,N/A,4779,Shop lot,Freehold,Zulfikar aziz,'0164824130,https://www.mudah.my/penang-road-frontage-commercial-property-115840082.htm
1.32 Acres | Main Road | Permatang Pauh | Pulau Pinang,"RM 6,348,760","Permatang Pauh, Penang",N/A,N/A,1.32,Mixed Development Land,Freehold,Lee Kee Jie,'0194748335,https://www.mudah.my/1-32-acres-main-road-permatang-pauh-pulau-pinang-115856627.htm
Penang Teluk Kumbar Freehold Land For Sale,"RM 6,500,000","Teluk Kumbar, Penang",N/A,N/A,3.9,Land,Freehold,basribasah99,'0189534299,https://www.mudah.my/penang-teluk-kumbar-freehold-land-for-sale-115837352.htm
"Land for sale at Valdor,Sg. Bakap,Penang","RM 12,705,719","Valdor, Penang",N/A,N/A,2.92,Agricultural Land,Freehold,Dhyana Jothi,'0188709041,https://www.mudah.my/land-for-sale-at-valdor-sg-bakap-penang-115911290.htm
Penang Bukit Tambun Industrial Freehold Land For Sale,"RM 13,260,000","Bukit Tambun, Penang",N/A,N/A,2.34,Industrial Land,Freehold,Joshua Phoong,'0175047254,https://www.mudah.my/penang-bukit-tambun-industrial-freehold-land-for-sale-115793322.htm
Penang Land for sale,"RM 30,000,000","Tanjung Bungah, Penang",N/A,N/A,4.63,Residential Land,Freehold,Tan Tzyy Zhou,'0164448589,https://www.mudah.my/penang-land-for-sale-115939517.htm
Penang State Tasik Gelugor land for sale ,"RM 90,578,315","Tasek Gelugor, Penang",N/A,N/A,259,Agricultural Land,Freehold,Teh Kuang,'0124869950,https://www.mudah.my/penang-state-tasik-gelugor-land-for-sale-115815702.htm
Juru Heigh,"RM 999,999,999","Juru, Penang",5,4,4000,Bungalow House,Freehold,limsoofang131,'01161296850,https://www.mudah.my/juru-heigh-115967585.htm
